{
    "reservoirs": [
        3653.847515373628,
        5893.505671056924,
        5392.434480871502,
        8838.57899335125,
        3691.990485165113,
        4662.265532089258
    ],
    "fields": [
        1621.7131967112891,
        2991.56453177947,
        1846.9600482802116,
        1226.4663279586234,
        2048.5594540869115,
        2268.0656908253786,
        2576.8542873755478,
        2820.7493648787863
    ],
    "costs": [
        [
            99.37052871583691,
            97.0527376638903,
            62.91320535120456,
            79.37977416249383,
            19.717453717806713,
            67.06493873053928,
            52.45333699826677,
            61.102827761164015
        ],
        [
            63.650668156308676,
            39.04978520789651,
            68.2593862024401,
            63.02540037917292,
            47.322267995352995,
            86.18269812202686,
            28.6295860446965,
            16.96657860173388
        ],
        [
            78.057291667309,
            85.36369527570275,
            96.41457793764289,
            82.4448559525954,
            57.799226467270884,
            7.697049966798375,
            69.61368818572537,
            5.05555661307578
        ],
        [
            71.63982719892682,
            79.51621311630832,
            17.17725033257368,
            24.153346310502997,
            1.6066129379033438,
            16.291744776296916,
            79.01360758509824,
            48.79088217397893
        ],
        [
            16.588338149635366,
            14.159916493920338,
            76.45158020211208,
            60.1819801916059,
            16.553877320733058,
            91.39541521947204,
            91.67062597497451,
            36.175736596901956
        ],
        [
            14.185125491029844,
            71.85397559638723,
            60.235626950841464,
            87.5018815792212,
            5.684488933139572,
            63.102584233061265,
            11.682281429600337,
            52.548775931643085
        ]
    ]
}