{
    "costs": [
        88917.15343164605,
        245981.44210513128,
        573160.4347380889,
        763024.3735688187,
        261458.41296849956,
        531496.4521191469,
        292127.9651662749,
        22829.95707040345,
        772328.6143998501,
        68935.90292971279
    ],
    "emissions": [
        78611.48090627197,
        71169.1287266606,
        31464.727611275706,
        85357.98952495184,
        90519.83920181563,
        44639.45313805783,
        88470.06330236644,
        18495.588893403008,
        46885.807253759056,
        46134.28865808367
    ],
    "demand": 3336790.859683319,
    "max_emissions": 677991.1334251405,
    "generation_limits": [
        704356.2502545624,
        256102.41883257971,
        747902.6298131687,
        24115.169771981724,
        120071.24647943665,
        411368.1714080542,
        396911.67307837855,
        486871.1734063842,
        48983.051902374384,
        528868.984373108
    ],
    "renewable_sources": [
        5,
        0,
        6,
        8,
        4,
        2,
        3,
        1,
        9
    ],
    "min_renewable_share": 0.6074990753359166
}