{
    "supply": [
        3047.3484713429925,
        2614.9738931686297,
        1127.3353053045744,
        5807.21580340897
    ],
    "demand": [
        3468.8019410494057,
        9768.654379924641,
        5980.230701187475,
        7276.7565361917505,
        2136.51543662568,
        8816.150775366496
    ],
    "cost": [
        [
            49.59699075785411,
            87.39925376485493,
            57.832357743006895,
            47.47029754812051,
            44.606411015465014,
            19.25200336861809
        ],
        [
            6.086295001174205,
            94.16529608004222,
            48.29518953930308,
            82.38944888464361,
            40.670036782942034,
            8.334134855308339
        ],
        [
            63.31512498824783,
            6.307298354960781,
            15.77056086289186,
            56.72112011137186,
            31.07971567238054,
            99.39789414831179
        ],
        [
            12.726704658934697,
            76.67990108729323,
            61.02544747305331,
            79.28334215449853,
            23.34302656943843,
            52.734680977891564
        ]
    ],
    "renewable_supply": [
        2527.315091999394,
        2492.244518086977,
        4370.74999621781,
        4955.140672100591,
        1874.2110994371217,
        3294.6229448246686,
        3243.3391051030867
    ],
    "penalty_cost": [
        383.04018746804525,
        476.4155901464201,
        143.50455762059812,
        144.96133788742685,
        347.1926617364165,
        120.67569202139471
    ]
}