{
    "budget": 3832.0739428441,
    "costs": [
        150.6331839392,
        118.2062803933,
        121.8104080956,
        216.8546578211,
        477.6358459183
    ],
    "benefits": [
        209.4674137765,
        238.1980439478,
        75.6469116969,
        53.0663508439,
        121.0848317843
    ],
    "regulatory_requirements": [
        1,
        1,
        1,
        0,
        0
    ],
    "environmental_impacts": [
        20.0991356197,
        44.4689185851,
        14.563485629,
        12.6137374046,
        29.6698624116
    ],
    "max_environmental_impact": 661.6169251767,
    "dependencies": [
        [
            0,
            1
        ],
        [
            0,
            2
        ],
        [
            0,
            3
        ],
        [
            1,
            2
        ],
        [
            1,
            3
        ],
        [
            1,
            4
        ],
        [
            2,
            4
        ]
    ]
}