{
    "facility_costs": [
        3557.7071938315,
        1100.0430208907,
        2100.1172734765
    ],
    "operating_costs": [
        189.2842952595,
        394.5884856656,
        370.6797949692
    ],
    "demand": [
        183.8269351557,
        63.0408248944,
        113.2882729528,
        54.4695829157
    ],
    "capacity": [
        143.7275949607,
        201.0710576207,
        105.3071939368
    ],
    "transport_costs": [
        [
            17.9535060275,
            35.9953775112,
            31.7976592241,
            18.8176248816
        ],
        [
            33.570627355,
            42.3772182671,
            10.2599503871,
            42.2327700733
        ],
        [
            37.9255757995,
            23.6100206607,
            16.2191799925,
            48.2885228883
        ]
    ]
}