{
    "land_available": 2175.8487064269198,
    "crop_yields": [
        98.04237964294153,
        66.1752689701394,
        76.11771391055534,
        11.729094291060726,
        44.26040036952358
    ],
    "crop_profits": [
        914.0813382201558,
        442.01523996559837,
        132.3848420810658,
        704.7135259453603,
        727.1704825582187
    ],
    "water_usage": [
        4.020714210727401,
        8.228314277628495,
        8.682639948598128,
        8.057083188151031,
        4.664755332213079
    ],
    "water_available": 4079.1581883360523,
    "nutrient_usage": [
        9.486156300575672,
        7.472053962605383,
        5.9714438448558065,
        5.399473775437252,
        3.400052769107782
    ],
    "nutrient_available": 9220.21615541628
}