{
    "costs": [
        153452.1777157375,
        773219.0090874993,
        206938.02710006523,
        182405.1340803176,
        27198.26601362687,
        602319.5470910537,
        844853.6193252588,
        779683.7543934302,
        540536.1746934882
    ],
    "emissions": [
        95470.59343844473,
        32813.358694825685,
        31602.091298652467,
        23087.375141314318,
        20959.844659641174,
        30362.657741550815,
        42485.9354890977,
        27180.68621735711,
        93636.59641516088
    ],
    "demand": 2180185.735491886,
    "max_emissions": 355989.42032656923,
    "generation_limits": [
        138174.85331565098,
        898980.7523074914,
        440201.29921277595,
        834323.0857406979,
        375738.82797657297,
        444508.5101177189,
        744198.4364862286,
        740172.8520272356,
        381036.148445048
    ],
    "renewable_sources": [
        1,
        1,
        1,
        0,
        0,
        1,
        0,
        0,
        0
    ],
    "min_renewable_percentage": 0.3026813325681782
}