{
    "capacity": [
        1691.7603363320768,
        8053.865399216407,
        3268.4587701622304,
        6542.179841762389,
        3476.954033380191,
        3312.601485310696,
        7672.862492531125,
        6434.393857207332,
        9191.183398112142
    ],
    "costs": [
        76.50705101789687,
        69.32400763182926,
        43.27901469696806,
        25.785942848866675,
        80.42749347589715,
        31.25762927265961,
        26.272827177818716,
        57.464996930817506,
        12.978147423686973
    ],
    "demand": 49283.22459606875,
    "emission_factors": [
        0.9706110703242065,
        0.6359896826784883,
        0.839551390996093,
        0.8538527976449836,
        0.7774851671921239,
        0.4716530888775812,
        0.44485029365236084,
        0.6946005597424991,
        0.7533991826610058
    ],
    "emission_cap": 2505.549348128666,
    "storage_capacity": 6199.816544422879,
    "storage_cost": 42.88248658573931,
    "initial_storage": 336.80991022794757
}