{
    "shift_requirements": [
        6.017737726239073,
        5.808335534879102,
        7.136757987861762,
        3.1169726540867213,
        6.610932994489754,
        5.876718756550824,
        8.050143986348324,
        8.812698857080164
    ],
    "availability": [
        [
            0.9530869063611102,
            0.12687408098709996,
            0.9185860085322568,
            0.8508724594926955,
            0.7983850988292025,
            0.9513999864843974,
            0.6917932683947443,
            0.2297990669482467
        ],
        [
            0.8417638878694349,
            0.4331508724019626,
            0.7191889405118144,
            0.7167510590807082,
            0.2507713027846904,
            0.9690656162192494,
            0.6483706543593717,
            0.29813726903864113
        ],
        [
            0.6055976326593827,
            0.846135532374864,
            0.6097299718276086,
            0.5535408677869739,
            0.06601726746015812,
            0.08401412728105428,
            0.34677937218445276,
            0.626065846873018
        ],
        [
            0.5075349022290516,
            0.9624299914409175,
            0.7511743896672034,
            0.035799478704335974,
            0.6548328730568703,
            0.09166571018798542,
            0.923649364553707,
            0.2352809227645103
        ],
        [
            0.5439689040307203,
            0.4475791706926836,
            0.4776014327704068,
            0.539270101257468,
            0.9721095834428574,
            0.1867610367105743,
            0.9339043618409549,
            0.4520064165808263
        ],
        [
            0.3804482950288648,
            0.07799185785296281,
            0.6140242149195155,
            0.7194087254093511,
            0.6636921984952493,
            0.46140597384347204,
            0.6104319284274973,
            0.49247117627020476
        ],
        [
            0.5419767808162947,
            0.8570237653228733,
            0.5745928579220047,
            0.4364645742312483,
            0.49722607969149746,
            0.8455112811469683,
            0.8370450052178509,
            0.12948751688090165
        ],
        [
            0.5161168618262132,
            0.1961535848223206,
            0.9941919054818487,
            0.03817992501354217,
            0.6433056558083047,
            0.31825385750504376,
            0.5243867635775702,
            0.39859365406296743
        ],
        [
            0.18623718382670518,
            0.6252001583010348,
            0.23748162663490258,
            0.051872020181280565,
            0.26932721497878775,
            0.02989775436796327,
            0.8947167312189006,
            0.36035726782357047
        ],
        [
            0.9944730281096281,
            0.3809391910410568,
            0.6195391590288052,
            0.6856124137091297,
            0.5691934826844617,
            0.030634140022182788,
            0.12482547885119655,
            0.2795970879477765
        ],
        [
            0.541770094453597,
            0.7783790807908236,
            0.3426314879393696,
            0.3745293041193667,
            0.2512057362687292,
            0.9342308604984348,
            0.39317336276684556,
            0.593594919100903
        ],
        [
            0.19610724702741322,
            0.35301992912939495,
            0.8152265817775385,
            0.29416387666530075,
            0.6383012179033815,
            0.6339490186545241,
            0.13309790703300817,
            0.5327031071436443
        ],
        [
            0.5760532010103994,
            0.26925247005771913,
            0.39138536028793725,
            0.8663728700741913,
            0.8662921334848197,
            0.19456781108813048,
            0.9604746990018925,
            0.9237711844786589
        ],
        [
            0.9345363162689105,
            0.34018606994227363,
            0.16442153052038255,
            0.07960694793216327,
            0.6805294894873881,
            0.32788066705019614,
            0.5330402535311743,
            0.3378879407228591
        ],
        [
            0.9893811414551817,
            0.4833028404258085,
            0.9139538477735548,
            0.3433506741305927,
            0.1676793319629728,
            0.5754436788846342,
            0.4036514084492976,
            0.5891242341820309
        ],
        [
            0.8683342985406345,
            0.22227043169233973,
            0.5297409192319033,
            0.7816825783732345,
            0.37005188392267163,
            0.2235536564920112,
            0.9914292763142245,
            0.5044812418983178
        ],
        [
            0.5599335186974352,
            0.39121931321346326,
            0.36580421794697093,
            0.9516283545331718,
            0.48963211118381456,
            0.2628493529279453,
            0.38627909086329537,
            0.8501222547790773
        ],
        [
            0.32437635224783723,
            0.6098838546905027,
            0.7559879011494545,
            0.7730032405264904,
            0.28730475027011326,
            0.26170700955544934,
            0.007602328018542659,
            0.30661933592057034
        ],
        [
            0.6231802934406532,
            0.8777500664847099,
            0.8938671314143404,
            0.8243285758567197,
            0.0745096424692766,
            0.832397119054175,
            0.9138803964943986,
            0.5990010461527786
        ]
    ],
    "wages": [
        16.59259559121425,
        17.965912676317267,
        43.320981176103984,
        23.34460544049053,
        19.440720459560687,
        41.73805982997732,
        13.440406870413666,
        24.568947318251688,
        25.781230124110124,
        13.528290189875953,
        21.745999590658165,
        14.300905265440885,
        43.10397366516773,
        18.091887565619412,
        18.66383484868183,
        16.94038640442792,
        34.77518108072843,
        18.578703945141676,
        26.779348694043044
    ],