{
    "npv": [
        44.5473867332,
        71.6409413985,
        24.2148642234,
        34.2489061255,
        89.4096564462
    ],
    "cost": [
        4.9483052252,
        8.3907022426,
        19.7687293291,
        8.4874580623,
        11.4836909782
    ],
    "budget": 141.4867895898,
    "dependencies": [
        [
            0,
            1,
            1,
            0,
            0
        ],
        [
            1,
            0,
            0,
            1,
            1
        ],
        [
            0,
            1,
            0,
            1,
            1
        ],
        [
            0,
            1,
            0,
            0,
            1
        ],
        [
            1,
            0,
            1,
            1,
            0
        ]
    ],
    "time_windows": [
        [
            0,
            2
        ],
        [
            0,
            1
        ],
        [
            1,
            1
        ],
        [
            0,
            2
        ],
        [
            0,
            2
        ]
    ],
    "resources": [
        [
            1.8172902651,
            2.6015631392,
            3.2735266694
        ],
        [
            4.5469932502,
            3.3750054807,
            8.79639986
        ],
        [
            2.7825661564,
            9.5120411986,
            4.2156482676
        ],
        [
            8.3491091491,
            4.7030683621,
            7.4902426108
        ],
        [
            0.5208560824,
            9.5191969238,
            2.2422216572
        ]
    ],
    "resource_limits": [
        22.0585511136,
        48.7185680833,
        21.2077441262
    ]
}