{
    "demand": [
        145.91401976868258,
        53.75161328340004,
        91.25439775536789,
        83.48161072232341,
        160.47068212460186,
        151.5049231134367,
        183.8269351557268,
        63.040824894412424,
        113.28827295279056,
        54.46958291571055
    ],
    "facility_capacity": [
        187.45518992144133,
        302.142115241345,
        110.61438787354545,
        179.5350602746594,
        359.9537751118093,
        317.97659224128665,
        188.17624881627867,
        335.70627355036345
    ],
    "shipping_cost": [
        8.28487411010044,
        1.0584888371025492,
        8.25237326649527,
        7.283254554894041,
        4.062254648661927,
        2.399315498306034,
        9.614917649861031,
        4.029350906013641,
        1.834712590421331,
        1.8704473915011761,
        8.62744929712714,
        6.43353428230202,
        8.264154459469422,
        7.567586080244361,
        5.826052823092307,
        9.758041875814335,
        4.406809394875181,
        5.968365681459043,
        8.464641978276955,
        6.566677771278215,
        8.755362102796994,
        6.196169307310859,
        7.341146525934311,
        1.41241945290096,
        3.0510844808639215,
        3.6044916724189644,
        1.7181277923126475,
        3.095117977249272,
        1.9090128646875621,
        3.501762427990829,
        6.721159998379601,
        4.283489610730758,
        4.331628704051944,
        2.8855632769433894,
        3.4028003984420203,
        9.429891289412446,
        6.832318467219342,
        6.482179051002894,
        2.540247833782873,
        7.562141181553143,
        2.4706224438573554,
        4.415098975818831,
        9.905710155729357,
        6.759997838686836,
        6.0125476939718165,
        7.161528258908872,
        8.585667281708286,
        7.983999203916204,
        3.0614326476769396,
        1.2889021951363397,
        3.839077432531737,
        3.4096678837813243,
        2.8988455922769383,
        9.48618742901549,
        8.88730863825402,
        3.832100927186301,
        6.89894798765392,
        4.560687109545978,
        9.230928307664891,
        5.129666673286589,
        3.383921498482472,
        3.219647569245851,
        6.052313207468357,
        3.3646744767064174,
        6.261273912011864,
        9.080405952422293,
        4.594604546263575,
        2.97388683241555,
        9.977838458455992,
        5.585736643088181,
        1.818184709564145,
        1.4240473788226111,
        1.9868421731559325,
        6.64701437532781,
        8.128714279266678,
        4.799439701197157,
        1.571749355367614,
        4.434573578558831,
        9.965092422160872,
        5.762029105892233
    ],
    "fixed_cost": [
        195.66175664204272,
        179.1169553351747,
        51.72215329142295,
        158.1082729040292,
        152.25655535398622,
        130.54554956131926,
        90.02377849288142,
        146.14426978697122,
        66.73282603938146,
        115.21478760036575,
        118.05855594938096,
        193.07238912816203,
        181.3779410567291,
        89.50835761266362,
        125.08791695754475,
        76.7977820795197,
        186.8941759017231,
        180.57778547551504,
        94.76671871729494,
        145.84242422990076,
        141.34553171572583,
        72.92589028244522,
        164.37662001127268,
        130.90685451794386,
        166.79397179458374,
        129.55305082927663,
        50.085784419191526,
        98.62340855070096,
        52.92151135787485,
        189.36479243969256,
        181.80828167347764,
        174.74982940417692,
        96.12711881039922,
        58.68877497412814,
        181.70143988060607,
        192.0424167946991,
        62.848017810181815,
        122.89856949749206,
        60.381877770257546,
        164.09032478858472,
        164.87516439604815,
        69.25871967496442,
        121.2923567148097,
        132.4705390242416,
        89.75849434100886,
        180.86495616278862,
        113.47069103013304,
        81.7697308163123,
        130.89441331691876,
        159.48966036349643,
        80.17265950845439,
        96.75744369513424,
        199.27240349913419,
        147.48170864591802,
        115.71501258717561,
        127.6363761553386,
        68.15062938023985,
        83.7046005547336,
        100.7128343221183,
        138.24630776858498,
        84.51720988948655,
        83.03260766773391,
        60.64896290135488,
        144.66544359051483,
        84.34126757167316,
        185.8130019509192,
        178.945310038062,
        60.62860248329802,
        85.70069515534928,
        150.34666674444208,
        82.13552110556579,
        69.84677730875376,
        190.32713608710066,
        135.65646399879267,
        120.90065394676913,
        167.692913643613,
        171.1245496649965,
        78.56148715428165,
        64.5396221343235,
        114.65767736095663
    ],
    "assignment_capacity": [
        53.886289841593666,
        57.361973442934,
        78.32606795678805,
        73.86916378346413,
        98.73321690927729,
        27.873429692156712,
        52.2097025681815,
        47.14420843159705,
        88.93380290822329,
        39.89250671362285,
        35.21671267526492,
        55.88908382665055,
        53.75053118675233,
        42.28361157335524,
        39.98451583056804,
        93.86124794208102,
        55.45045960427656,
        88.90792838094644,
        64.02602499598785,
        24.0470663619905,
        99.94259747301813,
        86.88220680639616,
        97.5197005827801,
        94.10935864065021,
        87.89565875314443,
        33.30488884831312,
        58.85129003605748,
        37.09978393593453,
        52.08322340395621,
        24.690831997774314,
        50.31784951815329,
        98.82470750237808,
        41.21624465377216,
        82.72564815588555,
        56.400669387131465,
        53.84059887921303,
        96.58541126877385,
        99.63381515941711,
        64.46146587244945,
        77.47266202370608,
        32.383746021925134,
        43.73662603956514,
        97.49674919753271,
        66.3344232653005,
        63.37561610994194,
        79.83804483032513,
        24.573221832598648,
        66.7342075567177,
        60.22803063356108,
        88.21759136386282,
        32.59461823515866,
        96.86231226195603,
        26.408917219246952,
        34.86599687845786,
        67.60280851600221,
        74.01700428832721,
        38.8163116000745,
        29.590929115769935,
        91.222985130355,
        39.69722782308999,
        67.5615322826753,
        69.55052082656825,
        53.5379932268698,
        66.69378314329798,
        61.82261724255671,
        94.77650061891418,
        36.34073595388291,
        77.29534406315318,
        39.09487620926768,
        51.66286774330036,
        73.7352178367977,
        43.999766383900976,
        45.29417570174832,
        80.14915939315216,
        25.803449159452583,
        56.66284180948689,
        99.87635526835538,
        99.68771582840756,
        25.86085768797064,
        37.052344981363234
    ]
}