{
    "nodes": [
        "Node_0",
        "Node_1",
        "Node_2",
        "Node_3",
        "Node_4",
        "Node_5",
        "Node_6",
        "Node_7",
        "Node_8",
        "Node_9"
    ],
    "arcs": [
        [
            "Node_8",
            "Node_3"
        ],
        [
            "Node_2",
            "Node_2"
        ],
        [
            "Node_2",
            "Node_7"
        ],
        [
            "Node_6",
            "Node_5"
        ],
        [
            "Node_7",
            "Node_2"
        ],
        [
            "Node_9",
            "Node_3"
        ],
        [
            "Node_1",
            "Node_7"
        ],
        [
            "Node_1",
            "Node_2"
        ],
        [
            "Node_5",
            "Node_4"
        ],
        [
            "Node_7",
            "Node_3"
        ],
        [
            "Node_6",
            "Node_2"
        ],
        [
            "Node_4",
            "Node_2"
        ],
        [
            "Node_2",
            "Node_6"
        ],
        [
            "Node_3",
            "Node_9"
        ],
        [
            "Node_4",
            "Node_9"
        ],
        [
            "Node_1",
            "Node_6"
        ],
        [
            "Node_4",
            "Node_0"
        ]
    ],
    "capacities": [
        25.280129619295828,
        91.00397443672088,
        97.06816103941146,
        10.923146066862227,
        53.151076447902895,
        72.94969786922614,
        80.99127993857162,
        60.72605813200224,
        38.40963784616488,
        3.0508756331616294,
        82.8296625788633,
        76.5811298506051,
        64.80372918049318,
        5.330264211339687,
        25.585951501441336,
        9.275959063306384,
        15.120924971410927,
        63.11105327579439,
        2.336193497833919,
        96.6697155157493
    ],
    "costs": [
        9.618559219874042,
        1.9570505014161124,
        7.625183592470721,
        4.045509253997221,
        7.367101794218173,
        2.820894779660335,
        5.32382887480442,
        6.0656611102187075,
        4.998935783946397,
        2.4682999757413926,
        3.985806877241845,
        2.3906199127009486,
        1.5028795591871278,
        7.228370781295819,
        6.647372677121432,
        2.107679636708432,
        8.424324113136027,
        1.9253378056122274,
        3.67064642103832,
        5.603881746367453
    ],
    "supply": [
        41.82416923913534,
        7.091751322601142,
        45.60834811043469,
        1.2000434945058591,
        21.35677165738607,
        7.368825507651977,
        32.768229874538704,
        11.29421961370517,
        43.94950519666727,
        19.237190368311957
    ],
    "demand": [
        44.21119567560076,
        41.13924350649664,
        5.620433573357975,
        8.47795307292344,
        5.50678268988522,
        5.086812733287544,
        47.7924534238183,
        17.86539520185066,
        30.784838398443455,
        5.917548522537014
    ],
    "depreciation": [
        0.09309876466708779,
        0.09278862429881385,
        0.09060278418586563,
        0.06440557437836578,
        0.026026099909667345,
        0.057743257657706486,
        0.06396503363790283,
        0.07114899805390842,
        0.023519803213928485,
        0.07005460464838494,
        0.03714073901048484,
        0.08358062904946878,
        0.04135471149374691,
        0.019353030654776053,
        0.09246109198728629,
        0.06955585437432024,
        0.09395936506901746,
        0.08296474733672006,
        0.07401760139973103,
        0.01687325433639475
    ]
}