{
    "large_sheet_area": 6697.628386523418,
    "small_piece_areas": [
        164.27997451818146,
        412.59355336208347,
        241.79400746060213,
        73.91397803320326,
        137.1060260040845,
        160.69779924947136,
        492.6570000407842,
        302.7807412797476
    ],
    "small_piece_perimeters": [
        54.09470659349691,
        82.58950776057041,
        64.93831617855511,
        95.81484387403135,
        60.16113157498136,
        12.915879393118148,
        73.60857187953391,
        73.81399321997462
    ],
    "demands": [
        2.7544877358639215,
        8.189636487790668,
        3.5421063246878846,
        8.116383741677403,
        4.806921931399515,
        8.367278811889209,
        1.0982261351018625,
        3.3488909143072383
    ],
    "max_total_perimeter": 229.65364058683093
}