{
    "production_costs": [
        452526.4042416983,
        368777.7059383985,
        673633.1731633837,
        693529.8644675842,
        978106.3601146266,
        883247.1970287112,
        189165.22882887203,
        884095.0022296328,
        88221.44140370356,
        391291.8203178637,
        179633.00868931643,
        958298.2486014835,
        77870.36258172651,
        165601.4506270497
    ],
    "holding_costs": [
        112912.55608487889,
        148806.0889306098,
        151347.57082252306,
        205051.90231775446,
        952152.6621032426,
        23667.578286500793,
        417120.12211684155,
        682720.9713972622,
        931789.7507615039,
        474431.01281936123,
        420709.843050064,
        737971.5346845966,
        22460.816161522856,
        189871.59802680134
    ],
    "demand_forecasts": [
        23014.58191068391,
        802187.1135018448,
        835112.5710941944,
        520100.8624734532,
        336541.49206191325,
        579125.900964809,
        656104.7411665705,
        787037.5385580964,
        486662.2432229213,
        666189.490505805,
        530636.0636879947,
        548920.2435971128,
        458549.08496721275,
        567684.4092519751
    ],
    "production_capacities": [
        898383.6409342207,
        307188.5096770926,
        789478.438122179,
        227555.1561695253,
        372530.4142739871,
        288858.1466449796,
        845668.1955327959,
        149189.99706780742,
        285097.6517310038,
        956257.6416373007,
        619011.5996316634,
        161629.09259721902,
        535781.3687917689,
        183098.22995389166
    ],
    "shelf_life_limits": [
        176183.9854306902,
        708403.046057868,
        904806.4359999418,
        794662.8230089792,
        162093.45850845738,
        117800.41746877355,
        993779.2650260717,
        574950.6457995402,
        441447.74911662034,
        370302.4712004668,
        205950.20654741483,
        707427.2468138813,
        665887.7283008904,
        978044.5404760775
    ]
}