{
    "costs": [
        199.52490817059743,
        887.632056467499,
        863.7940080838507,
        218.57046080604775,
        113.81553085692128,
        633.276056935843,
        325.1889741424667,
        168.19299605187777,
        276.8239437946093,
        120.52994241872793
    ],
    "availability": [
        789.3546364146936,
        9.9209260334528,
        42.95137565207431,
        783.6917650108088,
        475.7954080828884,
        596.6160716476809,
        372.0272646399304,
        90.39042284692476,
        158.5407577411777,
        92.31015075190878
    ],
    "requirements": [
        [
            6.224584098535617,
            9.315402966734409,
            9.970033719537001,
            6.288810069073127,
            0.6917738029332827,
            6.481291476814392,
            7.043148586227729,
            7.935515819215606,
            1.3456918308857415,
            2.4034788454750293
        ],
        [
            9.818589538541952,
            7.906762075290048,
            7.591305479693752,
            8.0747012282072,
            4.443317091156314,
            2.0103564605965687,
            6.923574804812017,
            3.645858222779271,
            1.4338485202334275,
            8.996764138273422
        ],
        [
            4.90449111830888,
            4.431250041234086,
            3.0176745047648796,
            7.000673972456982,
            1.9787807785745495,
            1.9476046165961278,
            3.5418803222808286,
            7.3507838602148565,
            2.825712182297201,
            8.330360974572088
        ],
        [
            9.153292619582656,
            5.58975107064396,
            0.7818781752754783,
            1.6347522329457371,
            3.0271593459862745,
            2.7071577620647767,
            3.7344157993449407,
            0.10712630437006977,
            6.416458018191021,
            3.8525313396991163
        ],
        [
            1.9367894719617846,
            0.28532658022174645,
            8.582609954508724,
            7.782564021199594,
            2.463986926338609,
            7.23793527057084,
            6.6170652320602175,
            5.435669563774708,
            3.9361593177892833,
            5.288290711223477
        ]
    ],
    "min_dosage": [
        5.025736679738518,
        5.5595312917672235,
        6.169088499270215,
        3.2937403951366604,
        6.444948904872224
    ],
    "max_dosage": [
        19.941772063546374,
        57.088048527391194,
        16.001185878663904,
        85.16740221084623,
        21.67968396900215
    ],
    "shelf_life": [
        87.47578498047666,
        21.005823840189432,
        49.05165843643283,
        10.776605078204696,
        57.5302059541152,
        83.79365313404264,
        66.13420457021186,
        53.056314898826756,
        70.43008813589654,
        26.33791450306383
    ],
    "min_shelf_life": 18.951346984620514,
    "max_shelf_life": 80.2976812116225
}