{
    "collection_points": [
        3870.1332673227284,
        6381.259068495361,
        7052.787112932223,
        3885.9860385368484,
        3715.8799162978294,
        2289.343907469958,
        6941.911814296689,
        2989.384664014293,
        3704.508583816776,
        1548.6187339608596
    ],
    "facilities": [
        19227.80382540082,
        18195.708364458245,
        18673.66498430817,
        14389.89706472495,
        11408.008734418152,
        12434.311812395314,
        19584.353530155287
    ],
    "transport_costs": [
        [
            94.21705457335926,
            67.46290994982651,
            78.79465500207128,
            32.55471127431491,
            42.21613870872302,
            15.772543174691204,
            38.26955866220607
        ],
        [
            75.6871936265744,
            47.878363220809774,
            85.084752293744,
            30.77290546071963,
            71.05010295130924,
            80.77183983355381,
            91.55937620777465
        ],
        [
            56.67620900910401,
            96.81083266611604,
            56.171389061728036,
            14.275182354848726,
            25.04299309286899,
            21.130336572945385,
            65.02387930324653
        ],
        [
            92.30038434661101,
            84.86620520604157,
            10.153935656159502,
            72.73388651841299,
            19.85768022464309,
            27.57769719764314,
            67.69352014282327
        ],
        [
            60.68928245391851,
            87.48842539046443,
            19.628166099342778,
            76.40794533618379,
            72.70621874536276,
            56.3261971509802,
            48.46002644062057
        ],
        [
            87.07791130092926,
            33.96346677106331,
            95.74495629214064,
            2.518036916620791,
            93.77881655702252,
            96.24567805533144,
            12.614303744890115
        ],
        [
            99.95762869476336,
            48.41316675789422,
            25.01672500272841,
            60.83575187379934,
            21.246801154811475,
            91.59751949976209,
            55.65584996223364
        ],
        [
            77.77587432431325,
            38.68551269291933,
            53.83136261421004,
            36.566695999606,
            26.894601111149907,
            51.76883746235358,
            50.230452016997354
        ],
        [
            10.762214924982525,
            98.1505272278111,
            47.47955178023329,
            84.13338697480481,
            91.51871939085142,
            37.699787221694585,
            41.979086887283835
        ],
        [
            56.68994801897108,
            22.9061357333063,
            15.446348597152308,
            26.816636881067186,
            93.54106677933899,
            58.335149677702645,
            42.34022928196219
        ]
    ],
    "overcapacity_penalty": [
        118.58513458286447,
        198.43937869003696,
        220.92789863351936,
        425.0132218791433,
        274.68566706619515,
        344.57358475445983,
        358.18097555565777
    ]
}