{
    "projects": [
        "Project_0",
        "Project_1",
        "Project_2",
        "Project_3",
        "Project_4"
    ],
    "costs": [
        45.1082485226,
        32.0534091356,
        44.6196926281,
        27.2027976667,
        45.5236408795
    ],
    "returns": [
        11.2072035677,
        17.4112883717,
        10.9809527639,
        15.9441876145,
        9.68822525
    ],
    "budget": 162.5047142284,
    "capacity": [
        3.2940081683,
        9.5823326586,
        7.1813893192,
        5.2684109703,
        1.8210230953
    ],
    "max_capacity": [
        5.8536435733,
        9.3187651855,
        12.4458896919,
        8.7264685938,
        6.3011545357
    ],
    "renewable": [
        0,
        1,
        0,
        1,
        1
    ],
    "emissions": [
        8.7360737223,
        9.4112986885,
        4.2293685576,
        9.1584367097,
        0.5144607997
    ],
    "max_emissions": 28.6288822294,
    "min_renewable_investment": 44.995911927
}