{
    "budget": 323437017.64875203,
    "costs": [
        112369.12194341386,
        582264.988707133,
        908921.4957700159,
        700528.0727048622,
        560924.8054169676,
        757013.8071504334,
        538716.1048407122,
        398573.261140678,
        695940.4506449357,
        199420.99264465502
    ],
    "benefits": [
        9145.167521352983,
        59837.1412983407,
        87705.61175758166,
        40523.24526709065,
        26410.66755698597,
        71617.2212316273,
        53329.49247318941,
        39735.99826760534,
        92133.70674390713,
        10452.24005219673
    ],
    "availability": [
        9565.142089793051,
        8164.273550190016,
        8885.765922852037,
        3009.731362557845,
        5744.057139831619,
        913.8948515503048,
        9994.445020897432,
        4481.106941988519,
        503.6511379066516,
        5525.073442120975
    ],
    "synergy": [
        [
            0,
            670.8461144026406,
            281.05041292380986,
            499.54799810218736,
            834.9154851446174,
            983.429671725522,
            252.8982209144874,
            233.57432533765092,
            651.4161011085664,
            223.808414890788
        ],
        [
            22.294170735964194,
            0,
            251.24339919496006,
            30.56621409174819,
            616.0983092966717,
            839.5514126461773,
            420.380582442575,
            555.7138924180631,
            572.4048446887487,
            418.2003300204683
        ],
        [
            849.4257276757484,
            585.0866569997419,
            0,
            630.982557681965,
            889.7180996337477,
            979.3397722634132,
            749.3248525178235,
            709.6784692170422,
            982.0970299864503,
            805.3918245711033
        ],
        [
            270.9217670336481,
            376.5262168710632,
            901.0523312259522,
            0,
            937.5529502507951,
            326.9531758499549,
            363.5034301599117,
            958.5101818760265,
            143.1478740159118,
            861.3452529100582
        ],
        [
            986.3932346210663,
            254.42640287877245,
            542.8926707295245,
            137.47702803950892,
            0,
            981.2009147428322,
            786.3764231327859,
            512.3792959844349,
            480.9803327173464,
            320.3499334585632
        ],
        [
            809.1810323896319,
            608.0506705160899,
            722.9051842157494,
            720.3888905430066,
            648.5163017863637,
            0,
            558.5320975100007,
            985.2263139316749,
            470.6335713449277,
            578.5165617484396
        ],
        [
            62.66944077340119,
            622.6178813240844,
            502.16161701941706,
            441.82240779706217,
            953.6323710965418,
            179.62776915650085,
            0,
            564.3591422139375,
            563.4060810787588,
            66.97030780377398
        ],
        [
            354.1270700980736,
            868.9013767931306,
            156.4013213153113,
            685.1869398420166,
            74.75863184919129,
            721.6801061729302,
            574.0560901127155,
            0,
            947.8776158210907,
            730.4828963972717
        ],
        [
            716.4760664981687,
            495.901718188239,
            707.175641407978,
            943.320671186024,
            986.3445281407502,
            223.0520981191308,
            457.59060611372456,
            543.0117435770773,
            0,
            677.9209452242736
        ],
        [
            337.22791299401746,
            574.1587912323488,
            877.2090114867343,
            946.8051088085068,
            152.79073788700435,
            544.2164873359857,
            684.5085123256127,
            321.3140067764128,
            16.707588293996643,
            0
        ]
    ]
}