{
    "panel_width": 9908.802344547625,
    "panel_height": 1653.3108509735512,
    "small_pieces": [
        [
            131.06323240102125,
            379.17273620232356,
            84.13732381117885
        ],
        [
            187.24403164854783,
            120.41760396739885,
            26.9843768271264
        ],
        [
            39.23977828518868,
            221.61680691708145,
            87.19620393014155
        ],
        [
            392.5096798194061,
            23.55596590322843,
            67.49394208880535
        ],
        [
            466.0821908943675,
            201.4803516150704,
            61.03721470237427
        ],
        [
            434.7983588286736,
            376.81816819815987,
            13.605308700034126
        ],
        [
            311.29893001318027,
            397.32912100611753,
            88.98566997980066
        ],
        [
            326.5600704939431,
            380.16078167646214,
            16.571227460300314
        ],
        [
            303.4996370629717,
            150.93756238814746,
            77.5368177997357
        ],
        [
            222.04334835643076,
            25.147865746058926,
            7.56706363414958
        ]
    ]
}