{
    "costs": [
        16.420073173059638,
        69.81195085131716,
        76.46649621322818,
        7.056964568974398,
        80.43564700910996,
        86.7681610304495,
        66.43426683556567,
        37.79869987173339,
        42.07276066021486,
        16.590786729042797
    ],
    "emissions": [
        8.620999446003685,
        46.81457933731365,
        48.26500942982007,
        37.0983335410869,
        40.51598372633301,
        9.080734612445534,
        43.953870581446026,
        5.469578797577612,
        8.11868571861838,
        24.87776957604173
    ],
    "demand": 2224.259269346425,
    "max_emissions": 1437.968731371881,
    "generation_limits": [
        918.0827674067206,
        338.66321041973094,
        388.9654615940925,
        804.9420090261625,
        398.4238425317942,
        899.9384054798788,
        130.8004950095396,
        884.8253758989775,
        922.2192404187387,
        141.84950504844954
    ],
    "renewable_sources": [
        1,
        0,
        0,
        0,
        0,
        1,
        0,
        0,
        1,
        0
    ],
    "min_renewable_share": 0.14496423592785118
}