{
    "costs": [
        344.79613618415215,
        412.34914389339275,
        351.73939934001277,
        679.906265602659,
        605.9704563599761,
        577.2769026705515,
        650.2156176304952
    ],
    "availability": [
        5430.538718610513,
        9795.794017054588,
        2917.6264451114794,
        3318.3938381419257,
        5153.40080280742,
        7769.969234553047,
        4524.608159120092
    ],
    "requirements": [
        0.8762344619080631,
        6.175271346692616,
        4.69114559929036,
        9.570284866794932,
        8.695750739864987,
        6.441748461845514,
        9.292810003013493
    ],
    "demand": 4796.348390590107,
    "energy_consumption": [
        61.26978279953148,
        40.53679473851015,
        90.71659782176668,
        8.00328155371359,
        34.42818621098229,
        31.416858132601796,
        65.33600843330099
    ],
    "energy_limit": 7393.901366049435
}