{
    "production_costs": [
        5177.43730819554,
        6038.42509479551,
        4925.196199105472,
        6822.298460832988,
        1333.0336125039644,
        2434.226397085247
    ],
    "demand": [
        1113.9378296668706,
        1662.7858136111067,
        4115.921823307677,
        3464.018206880819,
        1291.9334985265298,
        4336.344578788025
    ],
    "storage_capacity": [
        9674.082014726593,
        5372.577689886866,
        1179.178673758696,
        8736.256026242296,
        1755.3658695902143,
        6414.397661997471
    ],
    "shelf_life": [
        8804.54601773795,
        9105.17396476713,
        4663.061664037102,
        4270.908207036917,
        6916.875429238931,
        1812.7566320602248
    ],
    "resource_usage": [
        [
            94.37305206165638,
            72.69921086305585,
            14.915455038607666,
            12.081304025101389
        ],
        [
            73.71356030199381,
            93.36060929256392,
            52.673798328321396,
            83.06917668477858
        ],
        [
            95.01777553362004,
            93.2240068987068,
            25.928997785960572,
            88.57192137043647
        ],
        [
            24.56960866885118,
            13.105406511916938,
            80.8620373161705,
            33.59930518568368
        ],
        [
            58.848295837539425,
            39.60511621667681,
            75.08904869595123,
            24.357869838286256
        ],
        [
            42.8640308498057,
            15.28351296167513,
            18.340271288132328,
            97.02242411807318
        ]
    ],
    "resource_availability": [
        4955.278714562803,
        3288.753284261371,
        6305.328499550586,
        5413.227221378905
    ]
}