{
    "shift_requirements": [
        9,
        8,
        3
    ],
    "availability": [
        [
            3.1839502835416473,
            0.9417333279360225,
            6.110332931143263
        ],
        [
            7.778740459180325,
            0.24416265737628606,
            3.5359147294708855
        ],
        [
            5.994212461466005,
            2.4760140515363007,
            7.544252097290269
        ],
        [
            5.7952101962632145,
            4.1599502329070015,
            1.76317878519166
        ],
        [
            5.361172477158505,
            4.819200808278323,
            2.894413748394822
        ],
        [
            1.951694363267534,
            7.600522787583382,
            1.1081844960009555
        ],
        [
            7.176526103088455,
            6.056097687333779,
            6.68776999823886
        ],
        [
            7.847493367475356,
            6.624108851139082,
            7.17800637153881
        ],
        [
            7.680164301840792,
            7.09826175353425,
            0.9424422372339993
        ],
        [
            1.1396502198129,
            5.561144385711422,
            4.880056109079612
        ]
    ],
    "wages": [
        23.653589197975364,
        31.970087827618492,
        43.958869214080586,
        15.889694811770596,
        33.62048529479064,
        24.348887665420893,
        37.0621675689853,
        27.365822989022316,
        20.641541806905682,
        41.34403394180951
    ],
    "break_time": [
        1.073650832171514,
        1.0674441644331525,
        1.1103874180132838,
        0.609206239768804,
        1.7438220405947278,
        0.522399647851967,
        1.222893615909764,
        1.1389307092679974,
        1.5080174300515745,
        1.5285066017764084
    ]
}