{
    "supply": [
        8739.335781149966,
        5725.407014958239,
        8202.33990101819,
        4263.9053527646865,
        3073.811905408298
    ],
    "demand": [
        9524.47149883638,
        5777.83066407428,
        4370.249080872149,
        1901.2426594165868
    ],
    "cost": [
        [
            17.39791608494391,
            63.7969494986172,
            62.20024200826504,
            84.4806404868829
        ],
        [
            75.3593139565923,
            16.053056951920194,
            94.27700680164929,
            61.35688979161946
        ],
        [
            85.97122443480355,
            28.56371661903191,
            95.94661969650902,
            94.94101170961865
        ],
        [
            30.353146713878708,
            90.1947053496026,
            97.22887760926149,
            89.48070496453373
        ],
        [
            47.33241056554173,
            14.475867893049237,
            93.87618967666721,
            1.0350076437903772
        ]
    ],
    "emission": [
        [
            2.588159486000064,
            5.601998047637862,
            3.1848929723104273,
            9.238216309705814
        ],
        [
            6.169860944751282,
            9.596829952757556,
            0.6863000473095372,
            4.1627177379206
        ],
        [
            1.5235365171822008,
            8.2421683876701,
            7.66947001161978,
            8.089183936021517
        ],
        [
            9.514015066516636,
            2.500384320119461,
            7.884497210223121,
            6.496237784238098
        ],
        [
            3.970896676592696,
            2.014375848031607,
            8.359857363023107,
            0.7982632178099455
        ]
    ],
    "emission_limit": 9670.216095011314
}