{
    "projects": [
        "Project_1",
        "Project_2",
        "Project_3",
        "Project_4",
        "Project_5"
    ],
    "costs": [
        41.0981983994,
        96.6537694123,
        18.0154448772,
        94.8138166233,
        46.5495932875
    ],
    "returns": [
        69.2713940669,
        36.8234164322,
        44.2344661773,
        11.4804502062,
        44.1319761671
    ],
    "budget": 203.2226590765,
    "capacity": [
        8.7860616608,
        87.1819172033,
        74.83467782,
        22.9356338305,
        78.1326689917
    ],
    "max_capacity": [
        8.5615583698,
        63.6892420299,
        53.5298772565,
        20.1964669204,
        77.8465947031
    ],
    "min_generation": [
        35.7588737608,
        95.8641115507,
        64.8988546408,
        15.6212937637,
        11.17764825
    ],
    "max_generation": [
        26.3408539782,
        18.1764032218,
        16.1341091116,
        76.1560856245,
        8.4599740843
    ],
    "grid_stability_req": 475.889609587
}