{
    "budget": 6.3862850532,
    "costs": [
        5.3879847826,
        2.523628159,
        4.6763760973,
        2.7724834852,
        9.2613726783
    ],
    "benefits": [
        6.9128033885,
        2.2741902223,
        3.3103990707,
        7.7063044182,
        0.6537856807
    ],
    "regulatory_limits": [
        0,
        1,
        1,
        1,
        0
    ],
    "resource_limits": [
        0,
        1,
        0,
        1,
        1
    ],
    "risks": [
        8.8583632235,
        6.464233515,
        1.5144287454,
        1.4823401633,
        7.4753909227
    ],
    "risk_threshold": 5.4358751677
}