{
    "panel_width": 2948.998186912054,
    "panel_height": 4695.46383510965,
    "small_pieces": [
        [
            345.0736522891241,
            300.78024195679404,
            67.84902636932324
        ],
        [
            23.83551648567397,
            258.08432309158655,
            7.840861273595599
        ],
        [
            98.80430494962773,
            144.6231626092956,
            56.93994570843601
        ],
        [
            402.6407620552214,
            272.4748328351537,
            72.70876155661622
        ],
        [
            134.07010962794658,
            67.65759775136496,
            52.156896156212696
        ]
    ]
}