{
    "staff": [
        "staff_0",
        "staff_1",
        "staff_2",
        "staff_3",
        "staff_4"
    ],
    "shifts": [
        "shift_0",
        "shift_1",
        "shift_2"
    ],
    "cost": [
        [
            67.5484118612,
            12.25096797,
            34.7526386532
        ],
        [
            30.0889664334,
            76.2824092748,
            70.9029538681
        ],
        [
            90.2961610934,
            17.8244949366,
            47.9729637717
        ],
        [
            12.6817497494,
            29.6774177323,
            55.4819759293
        ],
        [
            12.3882372715,
            27.8953885618,
            68.4895994002
        ]
    ],
    "coverage": [
        1,
        1,
        1
    ],
    "skill_levels": [
        5.9044733254,
        2.9839655984,
        6.3033911549,
        8.2848741101,
        1.0584888371
    ],
    "shift_requirements": [
        8.2523732665,
        7.2832545549,
        4.0622546487
    ]
}