{
    "costs": [
        129.0869314493556,
        655.8175077162557,
        100.94501221814748,
        619.8962613771786,
        900.2184722520789,
        318.46815129649167,
        451.1953322367201
    ],
    "nutritional_requirements": [
        616.7260878291937,
        306.369813917314,
        584.585762912352,
        565.9864558972047,
        365.1289422429506
    ],
    "nutritional_content": [
        [
            31.701682633683284,
            42.887908556663156,
            0.5827050782006712,
            24.692896340693867,
            22.230417850231323
        ],
        [
            74.00763997226781,
            43.668794202359884,
            84.02699487218746,
            13.517152655050596,
            73.32398229556632
        ],
        [
            87.80079436784536,
            46.338552769953466,
            35.93828605114832,
            30.616632464888998,
            55.2120154334037
        ],
        [
            17.659439073433013,
            60.70210384047905,
            84.19512023429223,
            85.88549417154285,
            14.08616670474837
        ],
        [
            53.907941904094436,
            26.397141594298976,
            88.64494962468166,
            7.738591617865817,
            7.632455683658326
        ],
        [
            1.961166457636412,
            50.767113297428835,
            3.2163036777300786,
            58.23086000034354,
            40.5729333083563
        ],
        [
            59.04462755288774,
            90.6397273820785,
            55.20424045276322,
            54.39258545942005,
            99.87294468368398
        ]
    ],
    "available_amounts": [
        472.63184683214297,
        775.4220415985908,
        366.4528114729065,
        224.08334097673068,
        772.3726987169023,
        733.4936003856881,
        291.7081610541595
    ],
    "seasonal_availability": [
        465.23644102828234,
        510.90158135044175,
        397.3883724920577,
        502.66510239676444,
        663.015810889318,
        848.1338582637627,
        806.7335168709706
    ]
}