{
    "npv": [
        43.6957489987,
        98.4251613467,
        11.6530138245,
        89.9605228178,
        19.0888695728
    ],
    "cost": [
        4.534214718,
        43.662145794,
        52.0400428218,
        80.670435883,
        68.7170289768
    ],
    "budget": [
        94.0322857277,
        73.7300655797,
        19.7838093973
    ],
    "resources": [
        [
            43.1866102225,
            94.8925611485
        ],
        [
            92.0850085362,
            62.3532254536
        ],
        [
            66.3724088789,
            12.5500690349
        ],
        [
            90.0146788262,
            50.7615381531
        ],
        [
            66.7226011202,
            32.6856721953
        ]
    ],
    "resource_limits": [
        [
            69.751120578,
            55.4858065189
        ],
        [
            19.2648252897,
            66.5264504779
        ],
        [
            37.9766131845,
            74.8386425599
        ]
    ],
    "dependencies": [
        [
            0,
            1,
            1,
            0,
            1
        ],
        [
            1,
            0,
            1,
            1,
            1
        ],
        [
            1,
            1,
            0,
            1,
            0
        ],
        [
            0,
            1,
            1,
            0,
            0
        ],
        [
            1,
            0,
            0,
            0,
            0
        ]
    ],
    "stages": 3
}