{
    "staff_requirements": [
        [
            38.648076805427706,
            21.631788842966387,
            2.3274977458520514,
            18.704931326798956,
            65.41202591218337
        ],
        [
            66.8492363342245,
            30.84505152619053,
            52.578278483892426,
            15.813545641836875,
            78.71510016860405
        ],
        [
            18.437579333375453,
            9.919945725504997,
            3.248234079732461,
            56.28027405307538,
            40.08358656547584
        ],
        [
            52.95682161987207,
            92.27096995248202,
            86.12454043228531,
            58.066525532509566,
            33.33728794169724
        ],
        [
            14.328790753056694,
            60.03600286978917,
            38.18211673015307,
            2.69437498717864,
            82.50058090350568
        ],
        [
            20.171735527827913,
            84.84043614794308,
            99.46214176565377,
            35.64755772378926,
            38.669066534377336
        ],
        [
            79.30658523392484,
            81.23599651060321,
            73.86234174564841,
            1.122371887645519,
            93.13937432503103
        ],
        [
            71.85165990910012,
            57.31813860702568,
            35.17863882103658,
            78.14267059982939,
            58.762428560549374
        ],
        [
            82.5258708275241,
            77.85993562355368,
            23.657460666594385,
            45.919698839980235,
            15.046022655596813
        ],
        [
            19.884887151139598,
            93.58171616153858,
            55.41980229569416,
            54.424293341505305,
            39.3495060904888
        ]
    ],
    "shift_lengths": [
        9.388293446333858,
        2.433669644088586,
        10.30976320279735,
        3.852929922615284,
        1.824439114102164
    ],
    "staff_availability": [
        74.52189495469321,
        16.460885647974226,
        14.943736940770593,
        48.703393184306755,
        6.327724380966412
    ],
    "staff_costs": [
        [
            13.188172406110429,
            61.81086413587206,
            48.45173943675959,
            56.195311859181906,
            28.515146650154794
        ],
        [
            17.46883185437033,
            62.32305279441429,
            44.86834308628184,
            72.4332024040476,
            9.451985520802191
        ],
        [
            43.19368876020956,
            59.49045416873439,
            41.821773049175164,
            13.868772979988115,
            86.14107926829516
        ],
        [
            53.573672803933405,
            94.57009140559195,
            11.596928089087017,
            32.62408146146777,
            95.3385315875818
        ],
        [
            16.701245963193436,
            87.9801312145622,
            63.5417386260782,
            1.7501698357004865,
            70.41889945658177
        ],
        [
            86.77897770896647,
            4.205915203094824,
            6.806131209021604,
            2.6691538095294085,
            36.9554908192908
        ],
        [
            90.60453030577644,
            95.70231784986194,
            56.87840012838281,
            77.07283655810377,
            45.695888262153
        ],
        [
            42.89572412827022,
            78.8971173727339,
            62.667734559054345,
            37.71791254608642,
            59.42216695122255
        ],
        [
            78.05965236429806,
            35.45518058408059,
            29.219317176132197,
            84.50702562239593,
            94.63124522092681
        ],
        [
            25.876840811055732,
            84.31629503172694,
            14.549057080151506,
            81.19869312538843,
            46.7128417565249
        ]
    ],
    "max_overtime": [
        1.270470417629645,
        5.368236556196203,
        6.880449325938004,
        12.732449322407287,
        78.5764603756675
    ]
}