{
    "raw_material_length": 16.3942679846,
    "cut_lengths": [
        1.1800057566,
        2.9794228561,
        2.606477591,
        6.3004820098,
        5.8702968835
    ],
    "demand": [
        9,
        2,
        10,
        7,
        1
    ]
}