{
    "large_sheet_area": 228511551.52735195,
    "small_piece_areas": [
        487048.2366026802,
        724005.475175662,
        433423.386377636,
        947383.5600893608,
        160660.82902889544,
        969130.8141136423,
        60700.65628004097,
        961477.9771857372,
        67839.17322007837,
        323959.21790091746,
        477223.5506118077,
        290032.5339089059,
        235917.26737651177
    ],
    "demands": [
        64,
        28,
        54,
        63,
        2,
        40,
        81,
        21,
        44,
        81,
        40,
        88,
        80
    ]
}