{
    "supply": [
        5670.701070379772,
        9327.187828779319,
        4443.285021028749,
        6414.960779027484,
        6313.087310968717
    ],
    "demand": [
        4071.1998558942228,
        4793.321650055015,
        3090.314860843949,
        1028.6301363280654
    ],
    "cost": [
        [
            76.6390367643745,
            36.70938194119992,
            67.58833001718837,
            90.47517106515744
        ],
        [
            42.7611033299049,
            39.980764889051095,
            74.68666780700256,
            35.38314087734936
        ],
        [
            79.02549878943162,
            85.37107030014361,
            57.76114733128037,
            52.753773694413496
        ],
        [
            94.0795031373991,
            81.50290646193056,
            63.1837165705431,
            77.98544642141414
        ],
        [
            67.23776819482482,
            3.5384165524535836,
            57.126069738663965,
            3.3902979003012588
        ]
    ],
    "penalty": [
        189.7304540313991,
        28.77279807278959,
        184.92724164059268,
        162.36009676300858
    ]
}