{
    "num_staff": 12,
    "num_shifts": 9,
    "shift_durations": [
        5.100868926722397,
        6.186847601087621,
        4.0013732165853035,
        7.870645033534477,
        7.8406163391275445,
        7.114661104142742,
        5.063672886330547,
        5.60052217640589,
        6.786751315051578
    ],
    "availability": [
        [
            1.823616481666579,
            0.3287035155495568,
            3.487265893069469,
            7.880099490793441,
            3.1615081715299844,
            1.2107095712778086,
            7.900184497409777,
            4.21767440111484,
            4.8155396923869995
        ],
        [
            0.5451988831111452,
            0.17643866677517028,
            6.664164964163898,
            0.7134548008382131,
            0.5908243783981675,
            7.989686359745041,
            0.9035696140824516,
            7.168477818768537,
            7.95376823692148
        ],
        [
            1.986281237467951,
            5.289449081152144,
            7.8970862388426095,
            5.120776046208344,
            1.3059608339416373,
            6.5659876986225125,
            1.6365685888966777,
            3.2590359513736047,
            1.8611912258472314
        ],
        [
            3.8008830976316004,
            3.2610599931742232,
            0.0033953393536219068,
            1.4926429379589923,
            1.9890029456490783,
            7.346805110842736,
            2.5697404477771384,
            4.088348513507578,
            3.204866369512719
        ],
        [
            6.238070835474657,
            5.602653921957663,
            7.2800780633433675,
            2.8825294915693442,
            7.64918609132866,
            6.003811675434599,
            3.9647356954005097,
            2.097461886678298,
            4.930236941418734
        ],
        [
            3.4313417862584394,
            5.202286006901609,
            6.984335255220449,
            5.576116400310526,
            2.18880075384706,
            6.301583741141518,
            3.331126952294394,
            6.761023525189136,
            3.7603697035077506
        ],
        [
            5.922684519543623,
            7.1726056284638675,
            7.450863942356217,
            0.5226686461210166,
            4.126297719882564,
            5.601556852977982,
            4.7563775502586445,
            4.585876628935823,
            4.372969307332451
        ],
        [
            0.3346472112360219,
            4.328334567333823,
            7.260424895851956,
            0.022812477725669744,
            3.205637005670372,
            6.666623506018695,
            1.163681512886173,
            2.1719887304079206,
            3.5428077143949315
        ],
        [
            3.309595794497227,
            6.7823272344634775,
            0.8366901747749367,
            1.8117933177789824,
            2.611584283265323,
            1.477663750595851,
            3.1561571733111196,
            3.0122541157713485,
            2.1202116337963943
        ],
        [
            3.3774808416645623,
            5.305343600416407,
            4.939253258989235,
            7.321104541359888,
            5.5910459742102505,
            4.6541567084686495,
            5.571834362658565,
            4.396416928788819,
            2.4929262954181306
        ],
        [
            4.053785466025019,
            4.53777118398847,
            5.509513133318614,
            6.933857982772342,
            2.6186129653623693,
            4.706817523313693,
            7.831169504735211,
            6.428634325260317,
            0.39440423909699796
        ],
        [
            0.9929345615921674,
            1.0781414939392553,
            4.79286507842082,
            1.4446513687722726,
            6.758547883477963,
            6.248367993697924,
            7.95747216709352,
            1.9711720166796969,
            7.429986618846053
        ]
    ],
    "room_cleaning_time": 1.8337307314734907,
    "num_rooms": 61,
    "break_time": 0.8512610429032781
}