{
    "capacity": [
        1561.6950267777288,
        9109.681255668149,
        9711.095649586214,
        1007.5898269577852,
        6040.27232070848,
        9808.266067752254
    ],
    "costs": [
        19.87284852200974,
        35.398832171493524,
        12.806626790551128,
        48.85439510047412,
        63.11474871251098,
        66.26928730779483
    ],
    "demand": [
        15676.604775651129,
        11090.489817585614,
        11527.850726073844,
        8168.241120407829,
        7601.151593946451,
        7086.032985325177,
        13331.323681540234,
        17649.91506090187,
        10404.318329687716,
        11258.53242214031,
        9327.06307591379,
        18091.035373888844,
        6883.237302408827,
        5174.041286678536
    ],
    "emission_factors": [
        0.6835503184358553,
        0.22959629780952115,
        0.8963998141738116,
        0.6921340271313607,
        0.9774775243639638,
        0.22219817099122027
    ],
    "emission_cap": 15488.810730648904,
    "ramp_up_rate": [
        422.37664585070445,
        444.06110482224415,
        457.432987656976,
        378.1562078131124,
        472.12440498383097,
        349.29939263998676
    ],
    "ramp_down_rate": [
        281.7577436846939,
        269.649873829037,
        428.028569966691,
        253.8858871320105,
        190.29636736449908,
        269.90874291829243
    ],
    "initial_output": [
        7.429991498131283,
        498.15696363750004,
        730.9133800622074,
        712.129998965031,
        269.2504481288627,
        926.5644516510238
    ]
}