{
    "supply": [
        6658.416292263065,
        8352.905398138,
        6194.813330850837,
        5068.937025474675,
        2933.5257193352454
    ],
    "demand": [
        3295.906522740579,
        2956.457421029981,
        1030.1860783422137,
        1756.8733762917832
    ],
    "cost": [
        [
            77.08259427498727,
            92.4646774783558,
            34.38820453488741,
            89.36015756015196
        ],
        [
            26.273157944957283,
            80.89186141137137,
            49.248159709787146,
            55.34117785971823
        ],
        [
            66.66155896003423,
            67.13325581524687,
            34.89512731554853,
            52.38821928220593
        ],
        [
            7.248659300904509,
            37.176802212185684,
            64.58697665122139,
            96.51060143700659
        ],
        [
            13.496588761834559,
            23.485380534333736,
            46.28591041399327,
            12.002559668626603
        ]
    ],
    "variance": [
        [
            5.54960121851924,
            3.0275629874345853,
            8.745736715506613,
            3.1396010144084077
        ],
        [
            4.418024664950784,
            9.844685824226822,
            0.9213757139913454,
            8.682978166786057
        ],
        [
            5.096764843969512,
            4.035825181888517,
            9.418372227010728,
            9.985593457206754
        ],
        [
            2.0292920336344342,
            8.41612688033049,
            2.296385206889529,
            0.2655204606570554
        ],
        [
            7.360782002445299,
            3.6039713233946964,
            6.049269364188485,
            1.6025348005633178
        ]
    ]
}