{
    "npv": [
        5.5751580912,
        98.4096662554,
        61.516123333,
        77.080444561,
        46.0862006696
    ],
    "cost": [
        88.727553996,
        57.9914190415,
        72.1162456344,
        39.0138682719,
        40.5656334248
    ],
    "budget": 78.04781582000001,
    "dependencies": [
        [
            0,
            1,
            0,
            0,
            0
        ],
        [
            1,
            0,
            0,
            1,
            1
        ],
        [
            1,
            1,
            0,
            1,
            0
        ],
        [
            1,
            1,
            1,
            0,
            0
        ],
        [
            1,
            1,
            0,
            1,
            0
        ]
    ],
    "risk": [
        69.074618895,
        89.3733227949,
        86.1836159768,
        88.6610553455,
        78.06362027
    ],
    "risk_threshold": 113.326362722
}