{
    "facility_costs": [
        26.3478866914,
        58.5001404233,
        89.7925060719
    ],
    "operating_costs": [
        40.0001104635,
        22.0101438398,
        99.7540068889
    ],
    "demand": [
        51.0016767383,
        9.1818502762,
        4.8069259049,
        11.053948122
    ],
    "capacity": [
        62.7818595661,
        79.2287284999,
        42.2737806833
    ],
    "transport_costs": [
        [
            6.4464178446,
            38.223766722,
            99.612525886,
            52.9585230754
        ],
        [
            97.1107299236,
            86.0918922532,
            1.2469540921,
            72.1001097541
        ],
        [
            68.2028658658,
            53.7433360078,
            26.7558364763,
            64.1320836781
        ]
    ],
    "energy_consumption": [
        11.2440621422,
        43.5330485418,
        45.4269982623
    ],
    "max_energy_per_facility": [
        95.3862111594,
        87.5977087438,
        26.41256617
    ],
    "total_energy_budget": 50.1085526937
}