{
    "students": [
        "student_0",
        "student_1",
        "student_2",
        "student_3",
        "student_4"
    ],
    "courses": [
        "course_0",
        "course_1",
        "course_2",
        "course_3"
    ],
    "preferences": [
        [
            0.534139877,
            0.2448109252,
            0.4622602119,
            0.2699478268
        ],
        [
            0.9253911796,
            0.6881619584,
            0.219615174,
            0.3242827344
        ],
        [
            0.7683135776,
            0.0559379475,
            0.821802594,
            0.8050458008
        ],
        [
            0.401164787,
            0.0661886052,
            0.9131361242,
            0.5671800515
        ],
        [
            0.7179142707,
            0.2126265441,
            0.4992312595,
            0.8846831539
        ]
    ],
    "capacities": [
        4,
        2,
        3,
        2
    ],
    "min_courses": [
        2,
        3,
        4,
        4,
        3
    ]
}