{
    "costs": [
        578.7252326741353,
        516.9796862124059,
        163.72011377550476,
        210.42833265839488,
        940.7550705121406,
        740.9013587701585,
        359.03196140328714,
        995.3622029316626,
        415.712739525662,
        211.1171337900083
    ],
    "emissions": [
        9.17001870944456,
        50.74032750315861,
        47.850097517691,
        50.922651998609574,
        94.49519461206853,
        1.7129314901294772,
        38.064910385465815,
        42.05939383052888,
        96.16071880730657,
        10.096595770363814
    ],
    "demand": 4243.53199088265,
    "max_emissions": 378.9835524028627,
    "generation_limits": [
        746.5254530167125,
        9464.811917344487,
        6554.818192697129,
        2370.65248636227,
        7042.017948151153,
        6539.283171828547,
        8120.6772979936995,
        8771.823983389724,
        256.91529227763704,
        9645.921212581468
    ],
    "renewable_sources": [
        0,
        2,
        3,
        1,
        4,
        9
    ],
    "min_renewable_percentage": 0.20235864233149298
}