{
    "production_costs": [
        337501.2231028942,
        68202.5067348917,
        801384.485800062,
        475793.09876768873,
        210529.41949642566,
        795856.0975982615,
        651885.2767416477,
        302545.16759615304,
        804322.5852221928,
        433477.5740637871
    ],
    "demand": [
        54040.76315763563,
        20087.690848037546,
        40289.865478138265,
        62533.89120985109,
        45377.53767213872,
        76367.87727178255,
        18142.025003593917,
        1958.4718795240576,
        70362.83140533259,
        86284.70969524414
    ],
    "storage_capacity": [
        577266.4519451888,
        213739.85221345277,
        962154.9575335091,
        742465.8029762275,
        467828.0180742443,
        937225.7626599701,
        533186.6156915168,
        614807.8755730529,
        769350.0459784939,
        434290.7603658832
    ],
    "shelf_life": [
        56655.03262869152,
        62713.17131059004,
        52274.731614774,
        36491.03944899455,
        14859.594513575408,
        15132.218134915141,
        68562.13300955635,
        30097.539911626183,
        43595.3395402804,
        31933.45269734096
    ],
    "co2_emissions": [
        8303.841661753257,
        653.6310199866855,
        2043.5448345632117,
        4130.259413470911,
        8238.869937938269,
        6463.966109709719,
        2571.901882452372,
        6016.310374058313,
        4064.600733089814,
        1144.450180516562
    ],
    "emission_limit": 1927240.9546879276
}