{
    "flow_rates": [
        78.11855261700714,
        33.28709024601,
        10.708349246343348,
        74.03703873490505,
        87.11874399181922,
        38.17770639989636
    ],
    "costs": [
        228.4561307191432,
        476.280357235978,
        489.5636387452182,
        891.5839554481686,
        153.49185924234615,
        928.608245278442
    ],
    "capacities": [
        254.74589265977843,
        224.29863674989554,
        111.38207656132494,
        373.9195472551116,
        334.4095026058374,
        489.000151093025
    ],
    "quality_standards": 281.989801692234,
    "chemical_usage": [
        1.3593964704702526,
        6.952884242160557,
        0.6905520243792319,
        1.4513648435472075,
        8.531348528778475,
        4.639931357208012
    ],
    "max_chemical_usage": 127.04059252256756
}