{
    "nurses": [
        "nurse_0",
        "nurse_1",
        "nurse_2",
        "nurse_3",
        "nurse_4",
        "nurse_5",
        "nurse_6",
        "nurse_7",
        "nurse_8",
        "nurse_9"
    ],
    "shifts": [
        "shift_0",
        "shift_1",
        "shift_2",
        "shift_3",
        "shift_4"
    ],
    "shift_requirements": [
        2.4918442113553203,
        3.426215744181561,
        3.4625513371199568,
        4.352875812118931,
        3.8138255500005767
    ],
    "max_hours": [
        32.01907095863517,
        33.97857691098429,
        35.76139903128241,
        24.617909547603734,
        24.142618211795146,
        24.975313203771975,
        26.284235619495135,
        27.553285385427124,
        28.102045696100856,
        25.813576265938966
    ],
    "shift_hours": [
        4.194207828431854,
        5.952583172647789,
        7.757704196015303,
        8.803485088213119,
        11.48212424297983
    ],
    "nurse_skills": [
        1.805148146571674,
        4.499828905946826,
        5.070212263000212,
        4.106657350329199,
        7.278228205310215,
        8.20090575662936,
        4.428738394263737,
        5.4186172479884815,
        7.517606400012582,
        9.182692317793073
    ],
    "shift_skill_requirements": [
        3.057011525497546,
        3.294331573948789,
        4.299352781507281,
        5.306776757708816,
        9.973891730150072
    ]
}