{
    "students": [
        "student_0",
        "student_1",
        "student_2",
        "student_3",
        "student_4"
    ],
    "courses": [
        "course_0",
        "course_1",
        "course_2",
        "course_3"
    ],
    "preferences": [
        [
            0.4594248797,
            0.1248261629,
            0.922295372,
            0.0788001981
        ],
        [
            0.2931782814,
            0.6286397995,
            0.8854517479,
            0.3616350262
        ],
        [
            0.1922885903,
            0.0695551488,
            0.6612633186,
            0.7730683408
        ],
        [
            0.9852215207,
            0.855317721,
            0.8664836668,
            0.380126225
        ],
        [
            0.4534103024,
            0.8341104266,
            0.1626540972,
            0.3552707002
        ]
    ],
    "capacities": [
        3,
        1,
        5,
        2
    ],
    "prerequisites": [
        [
            0,
            0,
            1,
            1
        ],
        [
            1,
            0,
            1,
            0
        ],
        [
            0,
            0,
            1,
            1
        ],
        [
            1,
            0,
            0,
            1
        ],
        [
            0,
            1,
            1,
            1
        ]
    ],
    "min_course_load": 2
}