{
    "budget": 2782373.641704263,
    "costs": [
        94480.4807454913,
        43205.60078337468,
        44078.743616712294,
        9156.500008374966,
        3359.5808717064597,
        11327.531694098818,
        56564.0462556954,
        61356.66036972446,
        31283.860648154056,
        99236.44849545982
    ],
    "benefits": [
        7730.333642238526,
        7731.343087346246,
        7019.126371634333,
        5322.746285270498,
        512.1621650604983,
        9473.12056707558,
        3140.48632332471,
        5915.951604423885,
        9012.73581352548,
        5473.591613145558
    ],
    "availability": [
        641.2914957652984,
        739.5177958451812,
        534.7578397388394,
        48.160341417800055,
        303.64297628042465,
        189.05077179829655,
        964.222924874916,
        53.38281997235394,
        825.5688612943976,
        873.8314988789725
    ],
    "efficiency": [
        0.7646860782618623,
        0.5715859946928823,
        0.2604611058374571,
        0.43374153236314683,
        0.72926480278558,
        0.9195958911854315,
        0.1887856610976932,
        0.9549678710634621,
        0.9031204692975463,
        0.741169521125253
    ]
}