{
    "facility_costs": [
        23.3558095475,
        10.190042798,
        27.8695629507
    ],
    "operating_costs": [
        63.604875982,
        36.5467346791,
        37.081078615
    ],
    "demand": [
        [
            21.0297523741,
            26.7710844227,
            93.6717933125,
            64.8387349861
        ],
        [
            60.9521874661,
            17.196750955,
            72.9397671152,
            16.4239091268
        ]
    ],
    "capacity": [
        [
            38.0075986316,
            98.9533827286,
            64.0359760094
        ],
        [
            55.7392794031,
            68.4929636739,
            84.300906827
        ]
    ],
    "transport_costs": [
        [
            77.6223911635,
            22.9819023892,
            3.306814366,
            31.6137595011
        ],
        [
            26.84731351,
            21.1771860743,
            94.2966804621,
            87.6491258846
        ],
        [
            31.5363202918,
            65.578322663,
            39.623626916,
            91.4633042151
        ]
    ],
    "sla": [
        0.73,
        0.63,
        0.62,
        0.78
    ]
}