{
    "staff_requirements": [
        [
            5.619699664721232,
            7.341874083561616,
            1.2441324914534202
        ],
        [
            7.686842221360815,
            3.141010069473936,
            9.774705120981087
        ],
        [
            3.8447702582579124,
            5.407416127956318,
            7.332319588592366
        ],
        [
            7.073074407516563,
            2.1617043792672783,
            8.772242705648056
        ],
        [
            5.942503847609267,
            6.237321217135933,
            2.302687366667623
        ],
        [
            3.920373313378331,
            5.4645771945881325,
            4.9181498608786605
        ],
        [
            1.1489510238448435,
            7.595337485132199,
            1.9833698467291865
        ],
        [
            9.791980400464181,
            9.421055921113796,
            7.237785107434911
        ],
        [
            2.4062815966086113,
            5.626709907047474,
            3.5195759550525554
        ],
        [
            8.175155209242767,
            7.552113706718682,
            3.199896484891875
        ]
    ],
    "shift_lengths": [
        4.579865023970403,
        8.044018184929836,
        7.979583825404429
    ],
    "staff_availability": [
        33.944778530670234,
        44.63670522136623,
        17.28984516962842
    ],
    "staff_costs": [
        [
            196.05031097499383,
            119.77228259494738,
            100.60595642125989
        ],
        [
            97.89495585269793,
            140.13363073080905,
            198.4502861306934
        ],
        [
            86.43622010259068,
            130.42358626473708,
            142.72224899896662
        ],
        [
            64.71803052612756,
            158.05352480890022,
            167.61935838576127
        ],
        [
            156.8687873603269,
            184.35610109592847,
            161.82230378986702
        ],
        [
            154.43227325169713,
            106.23171322117368,
            169.66178453681152
        ],
        [
            184.05048630772345,
            78.74795183348539,
            96.12466057851717
        ],
        [
            132.70144762646183,
            197.09675608453057,
            76.8063843614863
        ],
        [
            149.06396509388298,
            179.0618004240079,
            108.69595678952892
        ],
        [
            82.64587356393284,
            102.66233439644935,
            67.50878727203079
        ]
    ]
}