{
    "supply": [
        7421.9037634995075,
        3110.4422021317177,
        4022.6278295918255,
        9037.241495112852,
        1725.198918919016,
        2357.475922117779,
        4447.317631882043,
        2375.2473991943316,
        2925.575893953887
    ],
    "demand": [
        4733.811063083964,
        3977.932519342752,
        5193.318730160356
    ],
    "cost": [
        [
            7.164305347774947,
            83.45622576470828,
            39.558204454027184
        ],
        [
            77.20978145915166,
            94.66014132541996,
            2.933663717034985
        ],
        [
            88.18501060302454,
            57.99334433419794,
            48.220993523178336
        ],
        [
            94.33142408597558,
            30.562652584865962,
            39.608678158308166
        ],
        [
            89.27251265488269,
            83.73713840904166,
            54.28383619341292
        ],
        [
            73.72877201487941,
            80.18694892318551,
            89.88332339252032
        ],
        [
            49.3347182774748,
            28.020595864562402,
            49.078557386051536
        ],
        [
            39.49686312136668,
            67.2184884416688,
            80.0160901175987
        ],
        [
            72.69395638510159,
            84.2100606431933,
            92.03462044622862
        ]
    ],
    "emission_rate": [
        [
            9.80914757743734,
            5.387823932371793,
            9.078595739609007
        ],
        [
            5.959738478716318,
            6.663697592677996,
            0.9310798754038022
        ],
        [
            4.343266419644839,
            8.681828420391787,
            1.8991173624829785
        ],
        [
            2.675547507801117,
            3.3407914027231693,
            4.601523317663173
        ],
        [
            3.4412554259313195,
            8.808435861418765,
            2.8547404948241795
        ],
        [
            9.516920786619561,
            4.2734917849115135,
            8.36561805763
        ],
        [
            4.7560376785091645,
            7.5153401847202215,
            0.6156475216082292
        ],
        [
            9.524004954581018,
            2.3197994406255074,
            0.7793218674824173
        ],
        [
            9.577127467486047,
            0.49855556165358905,
            0.40719698891905
        ]
    ],
    "emission_limit": 3225.549733595893
}