{
    "large_sheet_area": 438943207.16857004,
    "small_piece_areas": [
        45749.72662363027,
        50680.51312013877,
        81434.20205132432,
        52243.26782601807,
        34428.23828748106,
        99248.95837338651,
        34421.936834639404
    ],
    "demands": [
        89.46925524861015,
        31.541056188315302,
        59.830309233936234,
        10.916967577696255,
        69.76861545816804,
        36.54505356223608,
        71.6895788878176
    ]
}