{
    "supply": [
        4360.784522763644,
        9096.52676178651,
        5063.3752725201675,
        3231.1505229940713,
        1576.2330669371045,
        1189.3083400635298,
        5985.293701820318,
        6295.96102969316,
        1064.7175508658418,
        7370.568518936087
    ],
    "demand": [
        1529.8639018869105,
        1606.6029529927673,
        1282.7166224771631,
        3973.8564017244885,
        5627.405078277302,
        3506.295375680923,
        5368.730492354416,
        5853.1053825527915,
        7510.173092928738,
        8941.447676266638
    ],
    "cost": [
        [
            58.04495332236909,
            25.056726997176728,
            47.824321351514776,
            41.29893618710772,
            10.33825385269634,
            66.23929220195164,
            36.075459092365826,
            41.69912532892407,
            86.51983808859072,
            6.362947535984881
        ],
        [
            65.69209333831337,
            64.97179537820345,
            7.000654733624351,
            73.09314525567709,
            80.25865857530817,
            11.817634192235596,
            19.96741714202375,
            54.0922896371241,
            14.878047412382672,
            19.165315542936092
        ],
        [
            46.80017877169577,
            87.57410945298741,
            8.463103949054647,
            80.99420222843855,
            85.7407223543689,
            10.692964091958434,
            65.56234450585369,
            54.5182058719302,
            2.4610277930694027,
            10.233014842199758
        ],
        [
            75.60298489794788,
            24.401569563633196,
            41.23499173729473,
            48.65448337913291,
            86.60038900899133,
            90.34184368554432,
            17.29907501875116,
            1.2133824567912166,
            39.6517540011935,
            92.725289282374
        ],
        [
            78.72780632261804,
            29.23967366574511,
            69.9625588564161,
            73.32002642413113,
            78.55279131994443,
            66.52525988312378,
            49.18046975377862,
            19.799888859496075,
            22.55238894300332,
            6.789845908722641
        ],
        [
            73.8379807001153,
            7.0347995761750655,
            32.046876167203195,
            5.9640913891314025,
            48.202063193784554,
            92.01932595237545,
            53.58148739178359,
            6.6310783931397665,
            51.27502120234843,
            85.28291198906803
        ],
        [
            7.783611937675443,
            7.728125474199967,
            86.32010099504281,
            40.97377958050947,
            94.21801659567984,
            57.3978656036803,
            58.31298669321385,
            4.934424566617375,
            9.116357143992673,
            66.07994328277972
        ],
        [
            56.957465460564855,
            32.320614751695985,
            26.81580386475965,
            67.3028715022131,
            32.104202416762035,
            27.295836740604027,
            13.956949930618189,
            64.9045780949273,
            46.265232684474746,
            92.9728148388459
        ],
        [
            93.63769445703751,
            1.9222302315403934,
            62.49476629381619,
            56.73637091825566,
            10.89814364353426,
            54.225806006061106,
            51.08258471082777,
            14.113200466280261,
            35.55187466148699,
            7.810340091941907
        ],
        [
            25.184157234305005,
            29.213751730449015,
            44.38027272776328,
            54.778578263897096,
            30.9491971549101,
            98.40147771489674,
            80.90289438324909,
            53.36512856762474,
            67.11845716754577,
            55.905625966478105
        ]
    ],
    "time": [
        [
            46.656045932367796,
            6.075738593992364,
            44.02822128370601,
            13.958830152869256,
            44.59592264327975,
            37.37841751506894,
            8.616947578974532,
            14.80605730143682,
            11.320853085540211,
            17.80113410186967
        ],
        [
            34.6873593112652,
            42.79272795420297,
            25.765043846801372,
            13.30494135142481,
            45.49979326471002,
            3.489145789464002,
            32.07993791815052,
            41.63805637923874,
            3.1602513281534512,
            17.34427039164932
        ],
        [
            7.41016337438341,
            49.01009973761296,
            8.917516837420422,
            22.64994008118168,
            35.57770489123954,
            28.484436373962573,
            6.481820148877415,
            47.307496013285316,
            34.859961564037945,
            8.303659988447457
        ],
        [
            2.7653787649807,
            19.091583241097396,
            28.073729740504884,
            22.059548931157817,
            3.0496140502740343,
            18.867924251035546,
            46.721312515512054,
            48.63761698584576,
            2.9548490274496904,
            18.532652380270882
        ],
        [
            34.42126772721825,
            33.679737121141606,
            18.330253096116298,
            28.434292438049614,
            43.86092345351347,
            48.71801410922716,
            37.72440294603342,
            46.36242730590827,
            12.600129279238574,
            8.962586587921493
        ],
        [
            40.19446446543794,
            9.675566145698681,
            21.20242610733607,
            9.788672507492143,
            46.29987746683573,
            39.33693831123395,
            21.17394516102613,
            33.82544933512164,
            37.01781940256593,
            13.160194814752636
        ],
        [
            8.800694306055831,
            35.36263121885572,
            19.74454440724978,
            2.897505775623536,
            24.063811033213526,
            10.779068671261841,
            46.004143160245256,
            18.133262797850016,
            41.20628266760654,
            43.694828757287404
        ],
        [
            11.92325381308464,
            33.34162595468282,
            20.52483294967439,
            14.651549990127192,
            4.401616978478177,
            38.89300523457769,
            18.20616032505486,
            25.96087810087383,
            34.29638779965292,
            42.33939700033196
        ],
        [
            17.226343542505948,
            2.3524262208621587,
            43.97488216720245,
            13.7995446231203,
            29.448896953196684,
            49.19397807127127,
            2.8746026703098733,
            30.231991494399487,
            17.938668472310212,
            39.53498073198041
        ],
        [
            22.38330030965979,
            49.227556616512906,
            6.666643417437192,
            45.07573191264878,
            10.313859950612507,
            3.1749401519483236,
            22.36681825729364,
            26.476097079762685,
            40.51903261530509,
            34.65600019881181
        ]
    ],
    "max_time": 47.61052481590213
}