{
    "supply": [
        [
            7633.339241412703,
            2773.3161619156094,
            4881.676596624882
        ],
        [
            9539.87037374183,
            9286.937705962362,
            6608.398689517682
        ],
        [
            6970.487286389898,
            2121.6278409793094,
            9100.421515873822
        ],
        [
            5564.102536317422,
            7002.036136951567,
            3935.646143716599
        ],
        [
            7274.8757277495915,
            5989.712299001143,
            2726.5608369113274
        ]
    ],
    "demand": [
        [
            3492.182453957472,
            2206.1537470514377,
            3866.6055207150052
        ],
        [
            1283.1230444447478,
            3060.973646896142,
            2327.338259411733
        ],
        [
            4251.763261868258,
            1867.4372717075921,
            1445.8220819718886
        ],
        [
            4035.9147236491103,
            3229.9770671589317,
            1950.1215338144216
        ]
    ],
    "cost": [
        [
            [
                44.73681566695734,
                67.88709608581989,
                51.606225690584125
            ],
            [
                79.5798045114942,
                96.02336836462058,
                73.86018314808194
            ],
            [
                66.22622375484376,
                29.094854094309717,
                66.72152979419488
            ],
            [
                62.306819730875176,
                10.245332807480704,
                95.24796658279504
            ]
        ],
        [
            [
                24.25199125414171,
                31.731526965196615,
                80.84972656305033
            ],
            [
                15.588042262331495,
                5.575158091183084,
                98.4096662554033
            ],
            [
                61.51612333300733,
                77.08044456101949,
                46.08620066962882
            ],
            [
                88.72755399604718,
                57.9914190415225,
                72.11624563439987
            ]
        ],
        [
            [
                39.01386827188238,
                40.56563342477723,
                15.609563164038523
            ],
            [
                69.07461889497144,
                89.37332279492529,
                86.18361597682961
            ],
            [
                88.66105534547673,
                78.06362026996518,
                22.665272544419622
            ],
            [
                80.60687576114115,
                69.89526586441559,
                46.99043857285096
            ]
        ],
        [
            [
                56.18317360930613,
                91.82953143108858,
                13.014501319749057
            ],
            [
                14.200571450145858,
                46.999680512325426,
                53.58205669970328
            ],
            [
                56.333603746814866,
                32.41249778906941,
                75.76975134202216
            ],
            [
                44.81476910153463,
                81.68564422583671,
                89.31000933776079
            ]
        ],
        [
            [
                43.2473349290069,
                90.77861831515523,
                45.145447595593346
            ],
            [
                16.75663284675693,
                86.28799606854297,
                45.5569059674439
            ],
            [
                75.42590186355064,
                84.14642589635015,
                28.45382395994331
            ],
            [
                77.9898086980632,
                48.97510468995642,
                24.685340517648655
            ]
        ]
    ]
}