{
    "students": [
        "student_0",
        "student_1",
        "student_2",
        "student_3",
        "student_4"
    ],
    "courses": [
        "course_0",
        "course_1",
        "course_2"
    ],
    "preferences": [
        [
            2.1932075916,
            9.975376065,
            5.0952629368
        ],
        [
            0.9090941217,
            0.4711637542,
            1.0964913035
        ],
        [
            6.274460417,
            7.9207936436,
            4.221599668
        ],
        [
            0.6352770615,
            3.8161928651,
            9.9612138024
        ],
        [
            5.291143451,
            9.7107837761,
            8.6077970223
        ]
    ],
    "capacities": [
        1,
        1,
        5
    ],
    "time_slots": [
        [
            1,
            1,
            0
        ],
        [
            1,
            1,
            0
        ],
        [
            1,
            0,
            1
        ]
    ]
}