{
    "supply": [
        153229.96343900557,
        127094.75389933205,
        669789.3857752908,
        564405.6123480891,
        218746.57636559714
    ],
    "demand": [
        699765.5062749047,
        767131.2002578846,
        168621.35422443447,
        607640.2463970408,
        748177.7263033305,
        115418.33850751877,
        819481.8731367739,
        964756.0522610536,
        108990.65090794896
    ],
    "cost": [
        [
            2665.274707196855,
            31264.52871503005,
            67766.99395635584,
            95821.466536769,
            39725.77870751107,
            71529.96903444189,
            7692.04813652169,
            69092.38015170474,
            62761.51532054434
        ],
        [
            10279.940414053055,
            77270.84040662728,
            85044.29458497075,
            60081.12032020273,
            12193.40100022478,
            98386.05071631566,
            78285.27110146586,
            34785.656154314056,
            42894.96352215097
        ],
        [
            37120.03053418381,
            50645.48288874009,
            34188.99436864219,
            84972.60513725778,
            82250.85871719681,
            10643.333177335458,
            96082.6779647364,
            63594.95209953445,
            82887.86036914558
        ],
        [
            70760.13350623709,
            43605.16578626694,
            73406.15087093785,
            96550.82575068396,
            27081.231399101343,
            80839.10195879491,
            53863.47335418075,
            48401.40063793129,
            43613.891851089036
        ],
        [
            73129.51880908171,
            26912.71425111761,
            85186.14468593126,
            83090.02878717128,
            8757.623515761872,
            88174.95528187692,
            24461.957575176504,
            46524.37581366285,
            61072.137252629014
        ]
    ],
    "loss": [
        [
            37.905140519785114,
            2.8797127770312567,
            85.09677410288279,
            18.192167317197605,
            21.219863819472103,
            79.78525735924137,
            34.04048092799672,
            88.03319477602496,
            70.12136319571684
        ],
        [
            27.63409488986093,
            1.0250099327233244,
            94.80677715192535,
            8.570440066182545,
            72.01026566377838,
            48.862898906410244,
            75.81888370171181,
            69.06402785125783,
            64.59383094509782
        ],
        [
            49.087225294507824,
            79.29535748455042,
            9.31440452196162,
            22.16742408324829,
            69.18179765796724,
            30.62754095270754,
            58.15974297738339,
            47.33131627106488,
            53.096883895265314
        ],
        [
            42.55612623239442,
            74.59608431699382,
            33.08582180662105,
            70.28846566915504,
            27.09893353334987,
            25.147853583332143,
            12.074381916383057,
            19.266503502217226,
            11.964278578092731
        ],
        [
            53.59103789872114,
            76.22133905231546,
            18.523132745341822,
            21.646300141461783,
            48.425016735398735,
            72.46125425929422,
            97.66093621807684,
            52.468440542169695,
            28.307040340462752
        ]
    ]
}