{
    "costs": [
        991.4565553276492,
        375.3839019060086,
        567.5577478898763,
        813.1982680520919,
        17.89424913108536
    ],
    "availability": [
        480.12642934235265,
        881.3987240752231,
        249.94915421227796,
        214.11612610437328,
        144.84899572947936
    ],
    "requirements": [
        2.55121418305337,
        3.486627506269281,
        6.884232171310924,
        7.9819314958786265,
        5.6904254102616125
    ],
    "demand": 5106.254557554944
}