{
    "capacity": [
        8144.791193109833,
        9771.86666536823,
        7456.750411413353,
        9727.068530032371,
        4541.690382662764,
        3398.950513641398,
        8201.805272872085,
        5845.887873379701,
        7201.686523362028,
        3977.720301710462
    ],
    "costs": [
        90.17187083309486,
        23.625257483661894,
        59.47130396806027,
        50.69942735782108,
        45.13285517278387,
        42.5350548063373,
        86.39908975609215,
        87.37349594377028,
        32.135067835747975,
        35.688685362177594
    ],
    "demand": 13838.506904925125,
    "emission_factors": [
        0.7482573605272502,
        0.9668856972674781,
        0.13424719879134772,
        0.8763846308875304,
        0.33643992844317583,
        0.7875020111655662,
        0.19058090069593664,
        0.8934035016112739,
        0.5683965931245731,
        0.7415561261842285
    ],
    "emission_cap": 1378.852549500021
}