{
    "raw_material_length": 3.501762428,
    "raw_material_width": 6.7211599984,
    "cut_lengths": [
        4.2834896107,
        4.3316287041,
        2.8855632769
    ],
    "cut_widths": [
        3.4028003984,
        9.4298912894,
        6.8323184672
    ],
    "demand": [
        5,
        2,
        5
    ]
}