{
    "collection_points": [
        32.70313615205596,
        409.458068883429,
        769.2030905208992,
        766.061855240788,
        978.3549516391769
    ],
    "facilities": [
        646.2349372790663,
        420.94157694344557,
        992.863741982298
    ],
    "transport_costs": [
        [
            38.86548226628583,
            87.09240824576014,
            90.76996384093269
        ],
        [
            38.18890784639677,
            68.5903050560526,
            66.51746127442135
        ],
        [
            54.39072612796716,
            65.6998757434515,
            35.42921882677587
        ],
        [
            18.668889271407057,
            54.188590153402124,
            53.35541141485692
        ],
        [
            73.05795594970668,
            23.04633138066038,
            1.3438561995458702
        ]
    ],
    "pickup_time_windows": [
        [
            11.367663660983297,
            649.181494351491
        ],
        [
            336.74992888828353,
            772.2226695125104
        ],
        [
            265.9668042483794,
            911.6802186878922
        ],
        [
            123.75601925188778,
            673.0798674938134
        ],
        [
            137.82486389756366,
            968.7051805675335
        ]
    ],
    "delivery_time_windows": [
        [
            362.51197295445917,
            556.4223193832387
        ],
        [
            404.7390917695972,
            709.620299245876
        ],
        [
            383.02673375695167,
            941.8783109226872
        ]
    ],
    "transport_times": [
        [
            2.5489338399914074,
            21.402080563171204,
            10.988774596158196
        ],
        [
            4.3240512996737985,
            60.18070477642372,
            70.62534041962795
        ],
        [
            5.818955803131161,
            74.3135667695063,
            40.824269730279724
        ],
        [
            24.199588570268602,
            22.509651807577786,
            86.50929402433559
        ],
        [
            6.587959467421633,
            50.88568904515252,
            29.637081684037966
        ]
    ]
}