{
    "budget": [
        3557.7071938315,
        1100.0430208907,
        2100.1172734765
    ],
    "costs": [
        [
            300.8896643339,
            762.8240927476,
            709.0295386806,
            902.9616109344,
            178.2449493665
        ],
        [
            479.7296377167,
            126.8174974943,
            296.7741773232,
            554.819759293,
            123.8823727155
        ],
        [
            278.953885618,
            684.8959940016,
            590.4473325429,
            298.3965598366,
            630.3391154883
        ]
    ],
    "benefits": [
        [
            1637.9178676879,
            112.3476433883,
            1631.0565784823,
            1426.4648504776,
            746.4759813842
        ],
        [
            395.4110496424,
            1918.7048371929,
            739.529635714,
            276.2171024223,
            283.7611159836
        ],
        [
            1710.2392960602,
            1247.0794595971,
            1633.5437192213,
            1486.4903947183,
            1118.8333737639
        ]
    ],
    "regulatory_limits": [
        0.973115764,
        0.3785343772,
        0.5520406313,
        0.8294046643,
        0.6185197524
    ],
    "resource_limits": [
        0.8617069003,
        0.5773521453,
        0.7045718362,
        0.0458243837,
        0.2278982757
    ],
    "dependencies": [
        [
            1,
            0
        ],
        [
            3,
            2
        ],
        [
            1,
            2
        ],
        [
            2,
            0
        ]
    ]
}