{
    "costs": [
        67.39506912309821,
        56.160020329312246,
        46.59922130766151,
        42.31856876511372,
        47.10827104516359,
        23.400059809864004,
        23.15517834134196,
        82.7948021889896,
        32.9279111089952,
        65.14659638852385
    ],
    "emissions": [
        55.57208240581494,
        16.815866092832685,
        85.12087390338421,
        1.5419121381858514,
        1.4719244884626308,
        23.291685069752674,
        66.85261999429008,
        86.15653770520767,
        54.797756906924555,
        95.2315048166807
    ],
    "demand": 950.4500384823829,
    "max_emissions": 1974.8729624640764,
    "generation_limits": [
        281.57408107427057,
        192.24269805548658,
        399.3190817640545,
        269.85733750294776,
        120.28101884427338,
        332.33591870230737,
        464.78424798144306,
        371.18331330124266,
        220.7093375881989,
        140.50649827287202
    ]
}