{
    "budget": [
        174.7013811652,
        142.8433827295,
        158.3532924946
    ],
    "costs": [
        [
            24.4798577485,
            49.8930311196,
            15.5332697956
        ],
        [
            29.7406333956,
            40.2312863013,
            44.4441163867
        ],
        [
            16.1136527739,
            16.3992800689,
            37.2192485399
        ],
        [
            33.8563612293,
            25.390692467,
            33.8355371344
        ],
        [
            28.7219955114,
            20.0565647993,
            32.1290358486
        ]
    ],
    "benefits": [
        [
            95.3944689104,
            74.4226728205,
            29.1641394387
        ],
        [
            90.7830760103,
            80.0702239673,
            81.4878986126
        ],
        [
            47.2140378425,
            43.4800102918,
            32.6526203476
        ],
        [
            20.2596252881,
            77.7673649048,
            77.5744535109
        ],
        [
            97.7510479096,
            80.9569759242,
            60.6145339683
        ]
    ],
    "regulatory_limits": [
        [
            0.1064108228,
            0.6253001936,
            0.8416693482
        ],
        [
            0.507662882,
            0.1989111018,
            0.3739138526
        ],
        [
            0.1615490358,
            0.9534997477,
            0.9224340806
        ],
        [
            0.9184934944,
            0.5989445845,
            0.488605708
        ],
        [
            0.1118677253,
            0.3629807672,
            0.9853213789
        ]
    ],
    "resource_limits": [
        [
            [
                8.2609732432,
                3.155070793
            ],
            [
                3.167844332,
                6.1062124932
            ],
            [
                1.7088134346,
                7.5871683536
            ]
        ],
        [
            [
                8.3442092808,
                9.8018604431
            ],
            [
                5.7943555258,
                2.1318446037
            ],
            [
                6.9377574047,
                9.5216381173
            ]
        ],
        [
            [
                2.4861426308,
                5.7490640868
            ],
            [
                6.4593452573,
                9.6792661541
            ],
            [
                9.360221437,
                7.7973867697
            ]
        ],
        [
            [
                7.2088086889,
                7.4165407554
            ],
            [
                4.5909307,
                7.0451826367
            ],
            [
                4.3607845228,
                9.0965267618
            ]
        ],
        [
            [
                5.0633752725,
                3.231150523
            ],
            [
                1.5762330669,
                1.1893083401
            ],
            [
                5.9852937018,
                6.2959610297
            ]
        ]
    ],
    "resource_availability": [
        [
            50.3595419493,
            85.3920473274
        ],
        [
            52.9436883438,
            53.3700164055
        ],
        [
            51.5706479027,
            66.521424454
        ]
    ],
    "num_periods": 3
}