{
    "large_roll_width": 3164.3676523812696,
    "small_roll_widths": [
        474.3469927348574,
        435.22713149649115,
        319.85727068503894,
        435.2626662970513,
        169.50424393291618,
        338.7802280963542
    ],
    "demands": [
        14.495036573292015,
        32.389123398181255,
        46.567086194104135,
        58.71631773789142,
        68.53359233636255,
        59.07420890597445
    ]
}