{
    "panel_width": 6036.999235732867,
    "panel_height": 3090.234635934423,
    "small_pieces": [
        [
            157.16812130268858,
            375.85465240271543,
            3.9680266030938687
        ],
        [
            192.21069439796398,
            259.99605399491395,
            0.2204376639146392
        ],
        [
            267.035930650655,
            140.28488387860872,
            5.352141062823602
        ],
        [
            158.63863081774468,
            407.61625272900073,
            3.263339055443133
        ],
        [
            129.40131218498186,
            245.39069274515205,
            2.214254414795364
        ],
        [
            335.37781247967615,
            244.35496400728695,
            2.2198126493436496
        ],
        [
            94.48480598665914,
            280.9859468069994,
            6.307594975530265
        ],
        [
            430.7594725034853,
            44.750083994828664,
            6.704115244424791
        ],
        [
            430.3443589794283,
            81.24728219196854,
            7.6291284216429345
        ]
    ],
    "max_waste": 529.9195584807255
}