{
    "supply": [
        1675.5838201105112,
        1024.0815034259715,
        5054.533341559321,
        6344.30075607607,
        3621.3336012792483,
        3083.2861110042327
    ],
    "demand": [
        7362.602468911299,
        7326.888022843455,
        5086.281937663389,
        7186.464280641185,
        9315.199400342939,
        8090.452239820582,
        6625.5220644779965,
        6950.64738568031,
        9403.01612600962
    ],
    "cost": [
        [
            43.088757644316956,
            54.911675492347285,
            65.1158376168456,
            90.932733076048,
            82.83648480535591,
            8.0695738487256,
            17.426356132851744,
            31.45356944880902,
            75.1468144848927
        ],
        [
            57.351497882590145,
            29.572448242278334,
            13.311012159296114,
            69.17912112999728,
            70.27363481259601,
            94.32494783366003,
            50.546745534674635,
            49.885726715163344,
            8.963743338030795
        ],
        [
            4.9462176341776924,
            43.77083775191648,
            32.9098367524717,
            25.786422338788388,
            10.041361776467536,
            96.22919911709083,
            83.75990277671195,
            57.944711812773114,
            95.12784150282889
        ],
        [
            99.95766927086768,
            67.55587684602068,
            27.681591570738334,
            4.982935641317002,
            75.87061421084316,
            47.579581501911726,
            65.49943945393495,
            91.69120600474999,
            18.967425575089468
        ],
        [
            58.947632902507586,
            63.8436872259546,
            49.68085441691032,
            10.03299822308889,
            35.448144573170396,
            33.99753097284411,
            67.34321744259736,
            85.9155763456349,
            33.65056269431757
        ],
        [
            69.67369372435982,
            29.53356174078412,
            94.57416041675785,
            81.54303743905929,
            55.45956428820651,
            46.027764951571214,
            32.137198559846624,
            33.004104841323475,
            97.04828795404914
        ]
    ],
    "emission_rate": [
        4.101333064307381,
        5.194502898058141,
        9.882380226339366,
        6.610837826182976,
        5.4716765841362305,
        4.191150950913283
    ],
    "emission_limit": [
        2688.2428725507443,
        4256.014232365077,
        7807.988386500164,
        6628.678679305081,
        7839.914824549152,
        2832.024145152465
    ]
}