{
    "supply": [
        8927.61955622025,
        5362.406172549983,
        1259.824981974969,
        6670.200493036545,
        8193.823599470235
    ],
    "demand": [
        7388.045425902333,
        3796.751245540016,
        1123.070180194546,
        4671.916185609123,
        3022.305935102062,
        8572.65113455332,
        2021.1500611382046
    ],
    "cost": [
        [
            [
                94.75901349357626,
                65.1232591895921,
                16.243141318404476,
                93.33265293347634,
                29.894294465916815,
                70.83575136265952,
                42.13354395059995,
                48.76745811882777,
                47.749758408437366,
                46.22186080049904
            ],
            [
                15.319554880075264,
                19.870426723844904,
                60.338382268815096,
                74.88296200374737,
                14.514326114495594,
                7.911197881016823,
                77.4948381350235,
                85.58682561724855,
                34.64764906831525,
                78.98402317066513
            ],
            [
                27.450093643623575,
                1.2539606764991438,
                72.87904727873972,
                83.9101163380357,
                58.41241500445701,
                66.33413455243702,
                86.66079887532402,
                45.20819191127625,
                48.94979716962032,
                33.911555615364186
            ],
            [
                76.52439508437794,
                38.343795367174714,
                93.35237331581084,
                87.09056664017278,
                98.09668850192683,
                24.641748872458685,
                38.91411404403062,
                85.74528462275045,
                41.66673445940823,
                32.499456396146186
            ],
            [
                47.82464877380102,
                91.42958661414296,
                38.74188354776648,
                98.85298619199689,
                79.44697240929311,
                65.54988113865998,
                16.058426700812092,
                96.51761939872013,
                13.49838071112948,
                96.57000542750852
            ],
            [
                33.867475689205015,
                10.93609561432038,
                84.65890288792785,
                10.871458076455863,
                91.13372609195024,
                2.519412193610803,
                15.2713861807278,
                87.2223641635727,
                97.02572261006952,
                8.407996576127173
            ],
            [
                78.37100383602946,
                27.237255174797482,
                62.7026806516778,
                40.35084906469157,
                8.951216737365453,
                33.52799330936217,
                67.76139202024694,
                53.82860892728663,
                95.45981966964493,
                63.05311872179079
            ]
        ],
        [
            [
                88.856429608023,
                49.306801053627716,
                54.56058525706835,
                62.12848669866959,
                24.242254067100134,
                68.75555786618575,
                29.45052140016232,
                23.52114178933106,
                9.947553746127896,
                97.85543509383402
            ],
            [
                76.27659960643227,
                70.68519210357475,
                10.950216791958926,
                17.470113886193293,
                30.64714194416241,
                3.865777690359242,
                33.11309201134892,
                6.555803582395685,
                36.48787088773599,
                43.6379919976846
            ],
            [
                25.175545786212872,
                41.79312314858196,
                68.49823676392009,
                18.8256317289798,
                18.33186615122755,
                61.33968690196514,
                38.871885563070514,
                68.63032341630867,
                50.26905798442716,
                58.73255593455325
            ],
            [
                23.986655985220075,
                64.1525584693533,
                46.49747941849637,
                67.01723100938159,
                89.99194463833179,
                47.06007229700485,
                29.47553490909544,
                55.113215622600805,
                8.312328128004426,
                94.57832785852996
            ],
            [
                98.77751782662867,
                30.61627066325345,
                96.24087820952076,
                69.34103773355278,
                46.22674545411086,
                30.91004538329305,
                99.93798298451775,
                85.4802104073584,
                11.55867347481373,
                38.75506546810527
            ],
            [
                36.536956600147334,
                30.291366631362674,
                70.22862887552265,
                3.1720201880969356,
                83.17371858779156,
                40.18476835022537,
                1.8016986103875343,
                86.64167237202933,
                78.05284996123771,
                97.38667886596456
            ],
            [
                91.15107841815234,
                74.77204325926304,
                83.45105106764565,
                90.39055692652776,
                77.79835698073471,
                23.781720706071216,
                80.39126379698347,
                22.68144935388244,
                19.82306693843174,
                25.812053204317987
            ]
        ],
        [
            [
                75.80215505042604,
                76.97960667505095,
                68.40465432402026,
                14.54114461091579,
                10.619229051746176,
                63.11835267385632,
                4.902834822120921,
                79.07243791700523,
                4.303088593317611,
                37.121262069818506
            ],
            [
                14.009768835628059,
                91.05315341961335,
                33.34519344568703,
                42.134806248458965,
                20.878684670357543,
                78.86476829202002,
                87.76959907395741,
                37.21989553089726,
                50.67768146421917,
                27.980207720523993
            ],
            [
                17.289897616505904,
                91.4908464002929,
                94.47459379362266,
                96.7710235405144,
                30.219003468076693,
                87.16929897317893,
                80.61902132184655,
                47.36480749641684,
                8.45463672976899,
                75.66099781307221
            ],
            [
                23.335854874207964,
                67.95604874713311,
                67.76621679972321,
                40.34373802512663,
                84.72870368997883,
                56.17394917616047,
                9.939984681289747,
                40.062881472542486,
                27.181399256889957,
                13.235284939585743
            ],
            [
                37.48998020298786,
                75.15214875013932,
                26.953979416723907,
                38.721524427975055,
                64.21637751228285,
                37.77589046006101,
                67.80881898215688,
                47.67620993016242,
                62.33513983740843,
                94.37374446972706
            ],
            [
                33.47262189992021,
                61.39813738998288,
                65.11758568330471,
                63.90498831541597,
                46.96248609594536,
                70.40663938162346,
                65.27470518217451,
                12.550917735978391,
                5.4893342903248294,
