{
    "facility_costs": [
        34.3228599662,
        10.1818384946,
        10.5749213065
    ],
    "operating_costs": [
        84.9019422684,
        60.7688771053,
        80.9056990542
    ],
    "demand": [
        73.2434468827,
        54.086581054,
        97.338460634,
        38.4749033436
    ],
    "capacity": [
        [
            55.652022496,
            83.111061761
        ],
        [
            62.2334554841,
            86.3089831308
        ],
        [
            58.1578623804,
            70.7526117853
        ]
    ],
    "transport_costs": [
        [
            5.5366139819,
            23.5619292895,
            29.6494083966,
            8.8994057154
        ],
        [
            24.0462977497,
            10.9991415116,
            28.5193867079,
            63.9327599822
        ],
        [
            37.118385718,
            37.6479157446,
            21.7411960464,
            27.4308043829
        ]
    ],
    "service_levels": [
        0.97,
        0.82
    ],
    "time_periods": 2
}