{
    "staff_requirements": [
        [
            1.555430354973916,
            1.2312364752255829,
            5.860854815106101
        ],
        [
            4.769088218128448,
            3.8817833010813385,
            6.999256274426531
        ],
        [
            8.4592957465599,
            2.618469719432807,
            2.700229051874944
        ],
        [
            6.070861859367432,
            3.6960010406458634,
            4.629065549548963
        ],
        [
            7.881485952672123,
            7.011853737803493,
            9.407338033769122
        ]
    ],
    "shift_lengths": [
        4.576287986613286,
        4.497790423932546,
        6.719995089866292
    ],
    "staff_availability": [
        34.33745049857866,
        24.881449222498787,
        70.33711081827212
    ],
    "staff_costs": [
        [
            60.372001911275426,
            55.42180362000563,
            51.70231569825477
        ],
        [
            77.69409027166223,
            62.07363959323103,
            99.91433270517628
        ],
        [
            93.7193499975943,
            52.9422143832781,
            67.18497182803068
        ],
        [
            34.04210190387161,
            62.99575114188874,
            30.640353889795982
        ],
        [
            20.612258712043086,
            91.42493606464845,
            17.959328376579982
        ]
    ],
    "task_priorities": [
        3.3238989539004202,
        1.4499719844642294,
        2.7085986150509473,
        2.9774219065781526,
        3.2073920262553335
    ]
}