{
    "large_sheet_area": 6504.640840713876,
    "small_piece_areas": [
        303.5667516545933,
        269.5219930122017,
        177.13764812894766,
        192.94380020715963,
        347.37210492348515,
        72.78542273557252,
        287.01056752734667,
        242.02629134752783,
        18.677795894952993,
        191.30417305477175,
        130.59382760996692
    ],
    "small_piece_perimeters": [
        189.46958252771284,
        140.7735374894238,
        182.92776350420726,
        181.48527420596804,
        130.4355713277325,
        181.34959596976856,
        100.47565959016357,
        63.30095526165658,
        74.74389403813898,
        160.82542272583794,
        142.68261393108796
    ],
    "demands": [
        3,
        6,
        10,
        4,
        10,
        10,
        4,
        4,
        8,
        10,
        8
    ],
    "max_total_perimeter": 1835.8355762742158
}