{
    "supply": [
        29495.411851395373,
        8802.738945472809,
        16705.68890373515,
        15423.907421347863,
        91902.83212015955,
        12368.622327659245,
        93136.2728960174,
        5907.775828657474,
        2964.8342853097756,
        5316.451086491853
    ],
    "demand": [
        78272.68087114385,
        97933.43702055755,
        86281.24620364494,
        35720.861343766526,
        87322.42381315342
    ],
    "cost": [
        [
            869.2968595785629,
            142.12606127757533,
            681.9010847050934,
            535.986405659008,
            595.8077461764981
        ],
        [
            81.9582175762204,
            232.0943169066215,
            275.08305753092054,
            511.7837152531707,
            746.1085899847606
        ],
        [
            503.3598247948023,
            25.957824556684738,
            725.8814700627993,
            706.2859408700533,
            519.0925757150994
        ],
        [
            341.87016183229525,
            606.8364734788527,
            646.179168814755,
            157.98996785263643,
            83.44790971207065
        ],
        [
            315.4602235812657,
            826.6447899437438,
            517.0874695162984,
            958.6488253524393,
            962.6435249230657
        ],
        [
            953.2075458429423,
            808.815255631037,
            144.37129168379462,
            71.9557681733825,
            962.8233104180032
        ],
        [
            882.4198645119244,
            745.5251857000421,
            311.272546733721,
            611.6939366996627,
            415.6035706953155
        ],
        [
            229.84066276778523,
            186.5553018142528,
            334.7944686084928,
            280.23411533331335,
            990.3666875880106
        ],
        [
            288.7712563195888,
            44.980437043791525,
            172.27292491148037,
            307.0287714429014,
            656.312236216677
        ],
        [
            777.5437718070486,
            705.7494294021934,
            504.1167795999302,
            19.323743081526306,
            136.35068205817885
        ]
    ]
}