{
    "collection_points": [
        6550.019128322109,
        5120.754696151252,
        2219.405731126085,
        1060.9063248292437,
        4561.227805837652,
        8574.520480496656,
        4419.009605323434,
        8759.784795089628
    ],
    "facilities": [
        4962.00629333128,
        4875.54598852455,
        8411.817161258878,
        6859.331725299569,
        6349.536271580459,
        3703.9175621121103,
        6428.901415508317,
        7257.630659696932,
        5311.087681559097
    ],
    "transport_costs": [
        [
            25.98735441872266,
            45.84156242896072,
            38.72238983385513,
            76.13869288970677,
            66.9612215771575,
            97.09867769352446,
            80.37769326432188,
            39.32976136986149,
            35.227013181779576
        ],
        [
            80.72798785093546,
            42.85139836557138,
            93.88604373296012,
            27.982004383954646,
            99.75384331574006,
            26.193449134782973,
            79.08561169735285,
            12.42244978078018,
            75.44920274277031
        ],
        [
            94.8677423876005,
            28.868355672515516,
            81.79169689282632,
            84.8153627839325,
            16.22428047438636,
            86.30091370350954,
            81.5541062267329,
            70.56798871559864,
            22.52612104267063
        ],
        [
            37.25493782596219,
            32.741351643798254,
            23.872891101027086,
            48.081515960521315,
            43.929173623449074,
            50.41600487502705,
            63.814046927773376,
            62.40196172947032,
            58.09306610819054
        ],
        [
            93.1146178605802,
            88.26703520308284,
            47.64706230855039,
            13.30886476609768,
            97.15852366654316,
            73.14708583500337,
            83.10672781110955,
            63.44379490193898,
            92.29611238575261
        ],
        [
            19.843248271985825,
            32.34078719604125,
            69.82244984768923,
            24.970464395210037,
            65.14101120819674,
            60.68982629868938,
            68.05280835160963,
            68.20692454252836,
            97.0130020211745
        ],
        [
            39.84370318736515,
            81.66079579845814,
            19.53500964454785,
            18.874590272355476,
            29.980097159451702,
            77.21677248695342,
            60.21940747087185,
            71.88979679175605,
            29.89285625606827
        ],
        [
            43.670761102453426,
            51.6756887697488,
            71.1599938792966,
            72.13935751499176,
            23.567043923192205,
            99.79324528731881,
            53.4493976042378,
            36.58889984665653,
            92.84927902039519
        ]
    ],
    "emission_costs": [
        [
            1.7726931947814224,
            8.481859702364247,
            7.571356507205044,
            4.1349578708932775,
            4.087600127592635,
            8.058429977758273,
            5.690033468204245,
            4.134702669720819,
            1.8786072801313802
        ],
        [
            7.497945489517371,
            5.072024739311525,
            1.6045690603731324,
            1.40214747407789,
            7.397010907797272,
            1.203266036828011,
            4.087701528010735,
            1.9842641360629645,
            8.200451131755015
        ],
        [
            9.369302018397333,
            7.664405362272385,
            5.64394511707186,
            5.96719260842518,
            3.9789068999785226,
            4.837324452595141,
            5.158487417449801,
            8.179802094738385,
            6.667842869908109
        ],
        [
            2.6774823275529576,
            6.915771200427487,
            4.56024140315302,
            7.636495325915234,
            8.947876369773745,
            5.0461751023667185,
            4.865975569930091,
            1.0400503899352287,
            2.933164945632668
        ],
        [
            3.50510347463883,
            7.333837690044701,
            8.164072458170903,
            6.196131146816674,
            8.195521211980388,
            5.832001095135797,
            4.292137264712633,
            2.7736684763279094,
            2.0255947363464575
        ],
        [
            7.0363128540197675,
            5.405355809252225,
            9.693247599541971,
            3.8206369904632673,
            4.497753348214744,
            4.532896051429528,
            2.0280886600265036,
            4.167864319754095,
            5.120745275588812
        ],
        [
            2.5527476170930576,
            7.062299760832602,
            8.205520448662366,
            9.268143218236867,
            6.311515284797308,
            7.048990735452844,
            3.8186717037912814,
            3.147154537949115,
            2.0525401357367676
        ],
        [
            4.359754638678795,
            2.272226889412282,
            4.496169423789918,
            6.367832356995386,
            6.17325440386973,
            4.807349038658911,
            5.38003194123145,
            5.836413429982187,
            9.272448970432137
        ]
    ]
}