{
    "budget": [
        4.5600932024,
        4.4829379398,
        8.6156499917
    ],
    "costs": [
        [
            9.9013094786,
            3.1232644188,
            6.2481704786
        ],
        [
            6.1353460312,
            7.4268841243,
            9.4811429832
        ],
        [
            2.1571002677,
            2.1891494335,
            6.6382385582
        ],
        [
            1.6548652245,
            1.8207541284,
            0.8431422021
        ],
        [
            0.1264896538,
            4.5599866757,
            5.9787308317
        ]
    ],
    "benefits": [
        2.9834669614,
        2.3916147221,
        7.0988627158,
        7.0595768251,
        4.5949101314
    ],
    "regulatory_requirements": [
        0,
        1,
        0,
        1,
        0
    ],
    "resources": [
        [
            [
                5.4911675492,
                6.5115837617
            ],
            [
                9.0932733076,
                8.2836484805
            ],
            [
                0.8069573849,
                1.7426356133
            ]
        ],
        [
            [
                3.1453569449,
                7.5146814485
            ],
            [
                5.7351497883,
                2.9572448242
            ],
            [
                1.3311012159,
                6.917912113
            ]
        ],
        [
            [
                7.0273634813,
                9.4324947834
            ],
            [
                5.0546745535,
                4.9885726715
            ],
            [
                0.8963743338,
                0.4946217634
            ]
        ],
        [
            [
                4.3770837752,
                3.2909836752
            ],
            [
                2.5786422339,
                1.0041361776
            ],
            [
                9.6229199117,
                8.3759902777
            ]
        ],
        [
            [
                5.7944711813,
                9.5127841503
            ],
            [
                9.9957669271,
                6.7555876846
            ],
            [
                2.7681591571,
                0.4982935641
            ]
        ]
    ],
    "resource_limits": [
        [
            7.5870614211,
            4.7579581502
        ],
        [
            6.5499439454,
            9.1691206005
        ],
        [
            1.8967425575,
            5.8947632903
        ]
    ],
    "num_periods": 3
}