{
    "production_costs": [
        440135.81615859154,
        957834.6706267439,
        807680.9325761118,
        379273.6935835545,
        22271.65592509108
    ],
    "holding_costs": [
        66219.147728445,
        25682.35822766586,
        37892.8748825168,
        80852.75045135333,
        4943.104296567828
    ],
    "demand_forecasts": [
        199.67559896008993,
        5917.174059639755,
        1968.5635961098458,
        1550.0976505148315,
        5679.908626032999
    ],
    "production_capacities": [
        63894.04171766926,
        32892.57140916979,
        16172.664044941546,
        46593.52981142205,
        95868.7698480774
    ]
}