{
    "production_costs": [
        5543.152804337348,
        5881.943032834983,
        8285.334376521787,
        5864.760882553311,
        1159.0335337312843,
        7875.684159132738,
        9916.404089880418,
        8921.131038922462
    ],
    "demand": [
        1036.1034887010933,
        2525.51983606455,
        4337.934301745255,
        2491.502658042707,
        661.9150351574201,
        1295.9112786129074,
        3467.3496214421325,
        4007.221112874899
    ],
    "storage_capacity": [
        8962.30206157664,
        2477.298195833835,
        4876.1300609290165,
        3812.137078058039,
        4501.724417411493,
        7876.100242021962,
        6119.697012567677,
        5414.983406221176
    ],
    "shelf_life": [
        598.4055088224763,
        585.453147552827,
        522.8365415954586,
        606.0298701294982,
        240.6798612774651,
        150.16341322843977,
        337.0518859119863,
        631.940606786189
    ],
    "quality_standards": [
        220.00896727757788,
        354.4195026810742,
        394.9118453264409,
        177.99689281148648,
        77.64078760643409,
        315.7085368059822,
        107.68912864193594,
        214.88454235341064
    ],
    "quality_scores": [
        0.8285980848062889,
        0.625570280285253,
        0.7886746183202311,
        0.6626377001936052,
        0.4425160399646688,
        0.4853333712416047,
        0.992750970435362,
        0.47073664230214307
    ]
}