{
    "value_token0": 2.5794542245461827,
    "value_token1": 4.295117870939943,
    "value_token2": 4.495509532741478
}