{
    "shift_requirements": [
        1.434973004893276,
        9.780312342849149,
        3.1698668996979245,
        1.8227681940634721,
        7.1090466736399485
    ],
    "availability": [
        [
            0.4925810561834444,
            0.134706962145824,
            0.644028233908267,
            0.9994435774215877,
            0.03921114565717254
        ],
        [
            0.40664692859957763,
            0.03475747051358824,
            0.07684061643638151,
            0.08386529176034319,
            0.7500424356153247
        ],
        [
            0.7613535859054806,
            0.4966663998246069,
            0.9617009783345539,
            0.9914219557444801,
            0.09530779318297744
        ],
        [
            0.9607399366846942,
            0.8583784580766968,
            0.778913345579429,
            0.7202860702873458,
            0.5244740761207334
        ],
        [
            0.008381947954534952,
            0.9115109010400534,
            0.20870355382821604,
            0.026569262126558302,
            0.8106871845528351
        ],
        [
            0.5860902824010386,
            0.3345884813266472,
            0.4150226869584219,
            0.5497404346459136,
            0.8375967561989773
        ],
        [
            0.5238697448695189,
            0.01312019858051705,
            0.6883966950870388,
            0.333851959349759,
            0.6368334345731035
        ],
        [
            0.4973516558400328,
            0.729261154559621,
            0.823040924809886,
            0.5960721084453235,
            0.9603685716150524
        ],
        [
            0.9079368443452633,
            0.9166721180310405,
            0.8822812707801021,
            0.6801207528539133,
            0.3917614099972311
        ],
        [
            0.6097426249987076,
            0.34579257021789467,
            0.8858839426781613,
            0.07625194125792267,
            0.6036914070763638
        ],
        [
            0.8085136124728146,
            0.8708415964689956,
            0.6392884758999006,
            0.5750282055648875,
            0.10885613813422113
        ],
        [
            0.2922434898156232,
            0.23134950844200053,
            0.5298885217111325,
            0.34295029072512107,
            0.026376147468068267
        ],
        [
            0.1392936539390771,
            0.9969328895753549,
            0.19470592715293678,
            0.8149464184265885,
            0.15767810450196362
        ],
        [
            0.21558560137874128,
            0.601964581801389,
            0.14788232053444939,
            0.2401423860437567,
            0.2750196630894487
        ],
        [
            0.33769468529722824,
            0.07674462416935512,
            0.25514732996953926,
            0.03648286830944625,
            0.7460156743025577
        ],
        [
            0.7307272351827352,
            0.1300524511909502,
            0.5361050323191875,
            0.9406677242155769,
            0.04285343609439629
        ],
        [
            0.3668359639531221,
            0.02125421001030825,
            0.7920321847311542,
            0.2376486546723211,
            0.9355923339389007
        ],
        [
            0.4286695229662302,
            0.9662878870273524,
            0.7437571439620733,
            0.5193392537063831,
            0.09598533150935651
        ]
    ],
    "wages": [
        39.853716531034244,
        27.060639494748937,
        43.86147887050176,
        47.553808701681646,
        47.75391822842913,
        44.99316364236422,
        12.215498244838878,
        45.39749330377048,
        24.452884015616693,
        25.913212562960265,
        34.29709615957133,
        42.72689219451999,
        40.509447463533135,
        25.451364861128273,
        37.396323816665635,
        12.907176411264597,
        47.61236958061495,
        18.514137893899004
    ],
    "skill_levels": [
        [
            0.952786692794473,
            0.76759463711533,
            0.2540269188396157,
            0.3405334007426749,
            0.05205207182018212
        ],
        [
            0.429793443598418,
            0.550291390593379,
            0.4362404612603895,
            0.10877368215759187,
            0.6263782892184832
        ],
        [
            0.48527015316839184,
            0.7630519834262941,
            0.6441509343863864,
            0.14259579495473695,
            0.2108586131328335
        ],
        [
            0.5244921358778442,
            0.263783054727322,
            0.7496633452410181,
            0.0403418400572878,
            0.2421001144052013
        ],
        [
            0.8963604983279907,
            0.004959015502120301,
            0.5278098805632211,
            0.44743001297297524,
            0.19406918691552633
        ],
        [
            0.29844025699366383,
            0.47688688235606014,
            0.667106791680487,
            0.5502882133175292,
            0.8937248850510117
        ],
        [
            0.13649527287078833,
            0.04612057813972792,
            0.23374745730411683,
            0.37430260043225094,
            0.7238573366711819
        ],
        [
            0.053400338459571706,
            0.6670257476759167,
            0.45153388895919744,
            0.6939671711478693,
            0.6056820587982004
        ],
        [
            0.047491263653334004,
            0.36824282253675533,
            0.5644617794516952,
            0.7075472180905932,
            0.8032865247826994
        ],
        [
            0.2857644153690896,
            0.18177803557337513,
            0.01577328677961798,
            0.9953635219716126,
            0.9918940980378091
        ],
        [
            0.5828991070935491,
            0.16560104044418822,
            0.7562187135059413,
            0.7061616374014867,
            0.6237755711569707
        ],
        [
            0.6259624616856717,
            0.7666284935510449,
            0.5727152586584542,
            0.3758679991184174,
            0.7805186931548357
        ],
        [
            0.2964116694799228,
            0.5526985722910561,
            0.6046600547395247,
            0.600310688808702,
            0.7297581484608994
        ],
        [
            0.6782792937836378,
            0.9812357489332717,
            0.456202254367282,
            0.8891513833568425,
            0.29554751623556796
        ],
        [
            0.5352646021807995,
            0.3661804912930695,
            0.38409884003383665,
            0.9519351465162724,
            0.24820081254044057
        ],
        [
            0.330353808144777,
            0.10294398139720784,
            0.02127336541041358,
            0.5004383838723481,
            0.3095932943335289
        ],
        [
            0.6187836214326213,
            0.9748537455263334,
            0.19445098901754976,
            0.17512366094097254,
            0.19037573120262374
        ],
        [
            0.18495459734787323,
            0.7803349704077647,
            0.8193656446265273,
            0.2944316549638518,
            0.14129222017726872
        ]
    ],
    "min_skill_requirements": [
        9.721990405536229,
        4.6379095619561985,
        6.0386388647977425,
        9.437761317886059,
        4.670371939241594
    ]
}