{
    "collection_points": [
        765282.781740533,
        334523.376856519,
        86166.78579954972,
        635333.9456644197,
        860452.5146207366,
        394151.4997060855,
        347603.42182795494,
        144535.98008974743,
        411987.73321721284,
        346355.3111435806
    ],
    "facilities": [
        306565.2446077846,
        243951.51843872093,
        838201.0038280933,
        765665.2618280518,
        324904.49880782235,
        191048.93969329397,
        36267.976781877005,
        467710.486608495,
        80221.39406953339,
        421500.15143273876
    ],
    "transport_costs": [
        [
            185.91904631913079,
            664.2910262467086,
            507.144875696084,
            492.06646450571344,
            637.0957548850399,
            67.79380206709001,
            78.62620250621906,
            196.86100124883635,
            334.47930838285504,
            958.0302363349763
        ],
        [
            88.21907456956849,
            250.18748104315733,
            209.80172005687342,
            556.1609548749884,
            487.16239335141387,
            641.439642572374,
            806.2550742860956,
            387.08881028113495,
            47.47194207023848,
            437.8547116472133
        ],
        [
            65.12621156220386,
            368.6890491789267,
            421.8935782393288,
            199.8564336552724,
            688.7683619191519,
            259.8612306735682,
            195.30170913445838,
            83.08287752636848,
            214.6593183860541,
            979.3200906150965
        ],
        [
            497.4269017191521,
            884.2807167654443,
            827.4401911300776,
            455.5388626028336,
            679.7074226335674,
            530.8059777010012,
            94.58436921705484,
            320.90643496120236,
            968.8191149200019,
            583.6853493021135
        ],
        [
            735.3243481430151,
            597.5243469664917,
            512.0779034647167,
            796.2191006549043,
            320.8360695236316,
            783.966919443158,
            738.7385778985182,
            725.8971585869455,
            190.85336306303086,
            295.3713544976776
        ],
        [
            637.825850483391,
            171.3146979345029,
            537.5839294142311,
            989.2659444440618,
            891.8353781432617,
            80.605702401413,
            384.0841556302848,
            419.0491860893515,
            507.3138820630654,
            812.993412537501
        ],
        [
            652.2525069893297,
            229.431562086852,
            282.29715458658,
            555.9543396645848,
            754.3646742598439,
            671.7036599790129,
            520.0204034176053,
            873.3540763682271,
            478.19984420288614,
            342.5803770643343
        ],
        [
            484.7894597470232,
            855.3200339045399,
            50.15204585053788,
            247.39903906902822,
            541.0331719216948,
            201.43075102349195,
            692.5674466605799,
            840.7678128815596,
            816.571607195743,
            910.3634084595253
        ],
        [
            97.06275640253185,
            413.07387733440464,
            372.85432404997607,
            868.1729573121844,
            112.5933306601486,
            222.84956323788518,
            422.67572803260873,
            425.66577737680757,
            751.6994119128145,
            371.75016213267656
        ],
        [
            421.65912854819743,
            677.6978079216096,
            637.6655472935735,
            61.023628200070604,
            755.969690695522,
            642.0950703547218,
            41.33961479306041,
            669.1349577897798,
            391.4736304637253,
            557.4470570065864
        ]
    ]
}