{
    "reservoirs": [
        [
            7123.587761069747,
            2069.299177512306,
            9775.745338724057,
            4545.133414557464
        ],
        [
            8154.075055428512,
            4051.7676995730876,
            9450.537102598379,
            7794.686550635145
        ],
        [
            2791.5209339720495,
            5582.102646026639,
            5500.701132135795,
            1407.7301722036725
        ],
        [
            2233.3273621076837,
            3997.366348174905,
            5263.69735355671,
            5112.897033545865
        ],
        [
            6456.344701634237,
            5639.551589325285,
            3951.692628728736,
            6517.6130895821025
        ],
        [
            2462.5184128924548,
            9915.541638050261,
            7653.874245162438,
            3693.109082754864
        ],
        [
            4027.3610693651053,
            8454.604473616382,
            5791.058468882888,
            7378.658257918941
        ],
        [
            3698.1150826367234,
            8341.739499194417,
            4315.220288791927,
            7064.257532257149
        ],
        [
            9819.082280612456,
            6253.319276639077,
            8170.7933253713245,
            7527.917912966698
        ],
        [
            7192.392860824945,
            1239.8243946744988,
            5271.311926765545,
            9703.636265548457
        ]
    ],
    "fields": [
        [
            4023.067961441396,
            3992.7291132743244,
            3099.354781388823,
            3746.3005053333804
        ],
        [
            3125.85474671438,
            1267.304277859967,
            3330.613585154136,
            3288.8111247549023
        ],
        [
            4285.252062312189,
            1164.9906873514933,
            3563.271027728055,
            642.0673100394472
        ],
        [
            4766.923268529356,
            994.5298460016359,
            585.2181537797566,
            1911.6161755063483
        ],
        [
            1181.4406615370544,
            3607.2511741333647,
            2346.698341952173,
            3987.3753581319093
        ],
        [
            4642.344274537448,
            4427.679690105442,
            3811.267720709066,
            780.2657870649438
        ],
        [
            1121.371186033446,
            1433.0376723706013,
            1962.7229049172465,
            3480.020598714571
        ]
    ],
    "costs": [
        [
            53.0222379886035,
            32.061507275043894,
            18.145059961875447,
            91.30029193147703,
            34.890374750502765,
            36.07441187583647,
            77.42698863072533
        ],
        [
            72.37153157140197,
            64.68760089994669,
            69.63801769295226,
            61.3975814277964,
            20.034152744534627,
            25.405394417208676,
            56.250578429933014
        ],
        [
            23.261836761288855,
            97.31815213146633,
            30.46384196241388,
            29.611409602948967,
            21.520501690609386,
            70.79383771427948,
            32.387033756826355
        ],
        [
            35.53151424592935,
            93.43633710230925,
            79.74513024423102,
            28.072296138786882,
            13.065536467538791,
            67.98560233247203,
            38.58972435206387
        ],
        [
            98.03589319481486,
            82.01936855292567,
            95.50627747575467,
            80.65696756170047,
            29.75481254730062,
            29.47540381979985,
            71.69998746234114
        ],
        [
            35.289987895466034,
            44.7952350746187,
            26.387953571874725,
            48.42884703863184,
            21.004732712859052,
            54.319214447156625,
            93.36936944454746
        ],
        [
            69.92095876403545,
            14.59002252529137,
            61.95202640703474,
            59.0962193585107,
            25.00334580261839,
            67.31356252441729,
            53.57310748354712
        ],
        [
            64.15651276745513,
            6.196619577106816,
            41.9168352387776,
            72.01844756877412,
            10.953945572957442,
            77.30583975172964,
            1.512963194305873
        ],
        [
            55.48490401218205,
            92.9808683368278,
            41.283837703141465,
            93.568177761019,
            87.96156252990859,
            48.26740352364875,
            20.746141492092566
        ],
        [
            96.42748985020263,
            32.795602509797504,
            64.94389387113671,
            90.88575891482662,
            9.856611330640115,
            57.839201964361955,
            53.98007541246686
        ]
    ],
    "seasons": [
        "Season_1",
        "Season_2",
        "Season_3",
        "Season_4"
    ]
}