{
    "costs": [
        271.9768532499977,
        445.45348926032375,
        862.9436771633556,
        363.8016754101783,
        587.3328537524845,
        965.5605067896721,
        414.5750718127995,
        184.7023129042806,
        24.07799122419108
    ],
    "availability": [
        7304.946922680804,
        6654.023223305533,
        9410.329639646157,
        7036.8995914043735,
        892.6409049679166,
        1752.4136038925594,
        1119.7922091631722,
        731.5447559524863,
        8799.04066685244
    ],
    "requirements": [
        5.529494063801108,
        0.3610126423257862,
        4.030423955525678,
        7.673464084122598,
        0.9241868937677978,
        2.6982774162233727,
        1.6372161838016026,
        6.582843487879162,
        8.866166039254349
    ],
    "demand": 3784.335881949987,
    "moisture_content": [
        0.1312242944644442,
        0.14924588722846363,
        0.31697553546683294,
        0.07432578420716329,
        0.42087371165750853,
        0.02399993357975732,
        0.33513907629886425,
        0.43158072053256236,
        0.1693486451616746
    ],
    "max_moisture": 48.13931932488198
}