{
    "raw_material_lengths": [
        3.9499247244,
        22.6451595056,
        51.0301735222
    ],
    "raw_material_costs": [
        3.6270609987,
        20.684927418,
        65.3385593402
    ],
    "cut_lengths": [
        54.9492065797,
        22.823621582,
        59.3373027037,
        81.1336152111,
        1.6433772081
    ],
    "demand": [
        3,
        7,
        6,
        5,
        3
    ]
}