{
    "nodes": [
        "Node_0",
        "Node_1",
        "Node_2",
        "Node_3",
        "Node_4",
        "Node_5",
        "Node_6",
        "Node_7",
        "Node_8",
        "Node_9"
    ],
    "arcs": [
        [
            "Node_8",
            "Node_6"
        ],
        [
            "Node_1",
            "Node_2"
        ],
        [
            "Node_5",
            "Node_9"
        ],
        [
            "Node_0",
            "Node_4"
        ],
        [
            "Node_7",
            "Node_2"
        ],
        [
            "Node_9",
            "Node_2"
        ],
        [
            "Node_4",
            "Node_2"
        ],
        [
            "Node_3",
            "Node_0"
        ],
        [
            "Node_2",
            "Node_0"
        ],
        [
            "Node_1",
            "Node_5"
        ],
        [
            "Node_0",
            "Node_1"
        ],
        [
            "Node_8",
            "Node_5"
        ],
        [
            "Node_9",
            "Node_6"
        ],
        [
            "Node_2",
            "Node_6"
        ],
        [
            "Node_1",
            "Node_3"
        ],
        [
            "Node_6",
            "Node_7"
        ],
        [
            "Node_4",
            "Node_9"
        ],
        [
            "Node_1",
            "Node_7"
        ],
        [
            "Node_6",
            "Node_4"
        ],
        [
            "Node_7",
            "Node_5"
        ]
    ],
    "capacities": [
        1104.421757757689,
        2049.6487076858643,
        2098.4640673023896,
        6772.683948420956,
        9176.306050924482,
        3024.4153604450876,
        6281.654418683328,
        9886.144020808302,
        5315.485294636512,
        7243.5326703506225,
        1850.979143001835,
        6335.911055131773,
        4455.638903064453,
        9999.587720642758,
        7324.632859996767,
        3685.2701242477287,
        2127.12793719002,
        3927.0607722661243,
        7423.913316279089,
        8759.894394554372
    ],
    "costs": [
        [
            54.21359563100408,
            41.12772098536733,
            70.37344904955395,
            39.98585794903304,
            81.92882147509799,
            78.56398101454548,
            53.47867843037667,
            7.329234610283448,
            83.87725002234751,
            54.359196787038165,
            82.06393291217611,
            65.51836548957856,
            75.59731336344653,
            21.538913314062523,
            66.19965573297908,
            12.615280657155457,
            86.33834082120029,
            69.82637307654186,
            1.5270762735415548,
            45.27605494298625
        ],
        [
            32.115312175314756,
            4.875172933584317,
            57.93302192849487,
            65.61140953719479,
            9.694271971934466,
            26.419287951987684,
            75.55380431909504,
            9.376422464943788,
            13.346994892572482,
            30.55921430880132,
            96.66134037746703,
            17.98871665360093,
            97.73320678306833,
            66.15777740633838,
            25.58537139564304,
            5.570460048878532,
            94.63366477507996,
            90.55733181906776,
            30.046285973910987,
            53.8761374506884
        ],
        [
            14.84564959354754,
            49.55383968215471,
            31.980668863236595,
            91.16753250819393,
            99.68291903182562,
            61.011041218658825,
            51.548444276855214,
            69.10510059298502,
            66.59908266482178,
            5.428819712049771,
            4.6366609604603894,
            15.025065769785735,
            85.75243208132798,
            22.30608114439897,
            14.286592562588254,
            55.65499204686251,
            59.5865307416577,
            28.462176156943425,
            73.18133602745057,
            42.7794861745954
        ],
        [
            55.4350124466551,
            26.806769779298072,
            65.32712509827563,
            17.168618087514325,
            46.15070714981968,
            94.52930787327706,
            67.97604137740278,
            94.07973348913357,
            15.181151062656399,
            21.172526791581856,
            63.32725202690672,
            27.670569073711086,
            63.67886432247974,
            64.911551356838,
            71.7300518217838,
            56.8005734985656,
            65.12934001706773,
            51.631316981386576,
            17.240264129258396,
            82.33521267172434
        ],
        [
            32.319673607144125,
            78.9906224901161,
            38.515248220898776,
            96.43775241641042,
            25.502270897291112,
            27.742398122977466,
            53.615546382136806,
            68.71394546544931,
            41.27134514994901,
            33.60639345182159,
            9.808441660695735,
            91.01529353125555,
            78.0290241543356,
            15.486633658533396,
            80.01163926236913,
            28.09103190136306,
            10.696738670307706,
            97.96903613886666,
            23.00033162895293,
            95.22650320377402
        ]
    ],
    "supply": [
        [
            391.36680932952413,
            61.75174629588187,
            263.23783668997663,
            437.75596211310307,
            294.4135249456139,
            403.3990818620421,
            47.770278636217526,
            174.45010580292168,
            286.07903743311147,
            140.99836182423763
        ],
        [
            135.52698346773883,
            49.533076199033246,
            23.981642614109123,
            158.99819488268457,
            375.93645747588323,
            90.33624211390645,
            403.04249801224887,
            338.90594157576663,
            394.3736982780774,
            275.83584783456087
        ],
        [
            441.01057145606734,
            201.3256306829373,
            296.1550620480336,
            129.53051555714558,
            343.32917449461445,
            356.6113306414011,
            328.7814674018635,
            71.33507124632843,
            283.7803875484406,
            133.6849520089649
        ],
        [
            459.22082187764073,
            319.5967449787998,
            185.07534901612405,
            388.7640805881903,
            339.10761255287747,
            209.12187437261176,
            228.89329561257554,
            219.48000411035966,
            177.00070812727841,
            234.3329098158674
        ],
        [
            143.40983061426493,
            476.3081611237119,
            260.2973317417391,
            359.2334049991805,
            461.9059779272349,
            114.38205206836544,
            317.8176241290624,
            43.47114245390388,
            152.8307512645229,
            385.28920081532334
        ]
    ],