{
    "raw_materials": [
        1472.7087729305292,
        5176.1343523018295,
        5286.087481024147
    ],
    "material_requirements": [
        [
            4.8150357826567465,
            9.487692568071452,
            9.23234656208721
        ],
        [
            2.4132469859721346,
            6.866748589914421,
            3.961697817582166
        ],
        [
            2.699988999493296,
            5.351377112535756,
            4.403869863729507
        ],
        [
            2.959042999740712,
            7.993359539235563,
            3.881840537615751
        ],
        [
            3.2253173844624374,
            5.349508886489834,
            9.563120403931098
        ],
        [
            1.063906775305794,
            5.359804187048219,
            3.6028981362746513
        ],
        [
            8.457968900164069,
            6.143807123516618,
            6.555452650023409
        ]
    ],
    "product_prices": [
        172.6657677496622,
        171.6467527314239,
        411.0423624085229,
        164.9047635082489,
        312.87957523777476,
        257.498867049202,
        353.8810036114671
    ],
    "waste_per_unit": [
        1.2848051451007716,
        3.3922602816279905,
        3.875436702781438,
        2.64776637817392,
        3.420818985122173,
        4.966752750289378,
        1.6350221565611773
    ],
    "waste_capacity": 1095.2019025028994
}