{
    "raw_materials": [
        440874.75420437584,
        301833.89707890374,
        586433.0537344529,
        226362.59575394928,
        806992.9827384277,
        914653.654213343,
        792641.8748632878
    ],
    "material_requirements": [
        [
            445237.2454325822,
            61635.30166234399,
            947990.5130531809,
            922260.5571543497,
            266995.2347963983,
            541110.3426509119,
            166300.45759631996
        ],
        [
            392080.60756299144,
            801531.0590625133,
            7257.151345820429,
            218946.54049498698,
            16629.528394760844,
            11300.08528467084,
            580936.7851794917
        ],
        [
            598580.5475002356,
            202098.0603691149,
            702899.2156799521,
            45130.844857753094,
            135529.73564345427,
            847416.9741825847,
            683042.950947813
        ],
        [
            385753.3754013006,
            454934.02801634406,
            962240.1805964881,
            259338.90318366583,
            378519.2296497974,
            643502.9439950625,
            479522.21899041446
        ],
        [
            184844.21801403284,
            240975.89281509476,
            470431.54898755404,
            583434.3443745583,
            212227.19752916566,
            407781.86344449746,
            950377.1420208464
        ],
        [
            197494.26063424922,
            318157.3030031097,
            948145.2191172692,
            315102.8648432188,
            695422.3951638622,
            687205.3221305243,
            57338.57419514855
        ],
        [
            89039.3968765042,
            149019.858777988,
            131862.1124616571,
            2835.4817467978437,
            416875.58127332974,
            190044.48169577454,
            254365.3830249644
        ]
    ],
    "product_prices": [
        207004.20526700048,
        716747.0495647687,
        786200.6626199826,
        485847.80730857694,
        274315.648992537,
        522414.5134402817,
        961751.6519515497
    ]
}