{
    "facility_costs": [
        61.303969561,
        17.9427261716,
        73.1835529971
    ],
    "operating_costs": [
        17.1768468824,
        38.566088734,
        98.962811713
    ],
    "demand": [
        64.3599762256,
        56.1380246337,
        68.776810848,
        84.4423400988
    ],
    "capacity": [
        77.8239912431,
        23.6757591244,
        4.1779241465
    ],
    "transport_costs": [
        [
            32.2298517578,
            27.5063467216,
            21.887301515,
            94.3480617192
        ],
        [
            87.7603950208,
            32.153110199,
            65.8884278642,
            40.167558205
        ],
        [
            91.5402113843,
            46.4263334062,
            27.2231364833,
            25.4161232617
        ]
    ],
    "latency": [
        [
            56.5754452822,
            27.0114192438,
            58.8740130321,
            89.8844654766
        ],
        [
            40.5406500089,
            22.7127551566,
            99.756223043,
            51.443103074
        ],
        [
            10.0000318052,
            5.664521167,
            11.8552639047,
            63.1171581286
        ]
    ],
    "max_latency": 79.4158570719
}