{
    "capacity": [
        5553.952233675219,
        8191.227505683665,
        9144.602205607956,
        2386.6999947421627,
        4061.043138151846
    ],
    "costs": [
        53.51247486412298,
        88.64911844675628,
        37.9322838023155,
        39.46041563821251,
        79.25332574890486
    ],
    "demand": 9421.32042345578,
    "emission_factors": [
        0.9840461264865209,
        0.5645319581705746,
        0.993448309745233,
        0.28466839903677676,
        0.13289728323691763
    ],
    "emission_cap": 4488.293941491071,
    "renewable_capacity": [
        4391.645910967529,
        1021.2619417793629,
        1899.4159303271624,
        698.1348364929516,
        4316.5581090323185,
        4423.437918661844
    ],
    "renewable_generation": [
        1066.5402848567076,
        2678.639040394167,
        398.99820543583724,
        2321.922536276686,
        2262.108703003781,
        165.19275736006725
    ],
    "renewable_target": 7826.444386014983,
    "penalty_cost": 337.482883419551
}