{
    "budget_per_period": [
        54.7167658414,
        41.9115095091,
        19.5706715981
    ],
    "costs": [
        [
            36.816156556,
            75.8878722515,
            62.9154654724
        ],
        [
            76.23906307,
            21.1522655967,
            55.3727442694
        ],
        [
            92.8396033236,
            44.3734934122,
            70.1267528831
        ],
        [
            13.0211822529,
            97.3415347663,
            61.2782950411
        ],
        [
            24.6904487704,
            16.6794382167,
            55.5330616933
        ]
    ],
    "benefits": [
        55.6728894963,
        10.2277109269,
        99.2334568001,
        91.3800579699,
        46.6833415237
    ],
    "dependencies": [],
    "regulatory_requirements": [
        0,
        1,
        1,
        1,
        1
    ]
}