{
    "staff": [
        "staff_0",
        "staff_1",
        "staff_2",
        "staff_3",
        "staff_4"
    ],
    "shifts": [
        "shift_0",
        "shift_1",
        "shift_2"
    ],
    "cost": [
        [
            3.8476731167,
            5.9588842836,
            4.6804988778
        ],
        [
            2.5141411998,
            5.5322589622,
            9.4243086138
        ],
        [
            6.8028341026,
            1.1455174298,
            8.8478845013
        ],
        [
            7.5087779959,
            7.6859873266,
            3.4017547303
        ],
        [
            2.9350012865,
            1.5815775434,
            0.032453161
        ]
    ],
    "coverage": [
        2,
        1,
        1
    ],
    "preferences": [
        [
            8.7051856984,
            2.9844479145,
            6.3894949487
        ],
        [
            6.0897021144,
            1.5283926855,
            7.6251080008
        ],
        [
            5.3937903012,
            7.7862647863,
            5.303536722
        ],
        [
            0.0057189613,
            3.24156057,
            0.1947674239
        ],
        [
            9.2909861626,
            8.7872187782,
            8.3166552936
        ]
    ],
    "max_workload": [
        2,
        1,
        1,
        1,
        1
    ]
}