{
    "facility_costs": [
        67.8460428068,
        24.2851856051,
        12.8687747808,
        89.1384440988,
        25.3753194311
    ],
    "operating_costs": [
        59.8573961998,
        62.3187695229,
        42.5032666183,
        58.7835566398,
        52.7554888377
    ],
    "demand_min": [
        93.5359195159,
        21.2216607429,
        71.9029882782,
        24.629909309,
        40.1827988323
    ],
    "demand_max": [
        67.497332073,
        30.6997109001,
        32.3015424309,
        75.434584749,
        8.1817683348
    ],
    "capacity": [
        46.3702667392,
        99.8469896446,
        99.6135483377,
        8.2528113889,
        22.1022769144
    ],
    "response_time": [
        [
            27.2548410603,
            93.3926784214,
            88.205553195,
            88.047754006,
            37.5831817851
        ],
        [
            16.6169364034,
            83.5407505093,
            70.6504525836,
            61.5560988069,
            98.7360732995
        ],
        [
            65.7436554534,
            1.7744876081,
            81.8933093764,
            30.6384964678,
            66.6754827816
        ],
        [
            93.9540703888,
            14.2948203249,
            12.4274383715,
            11.5965617932,
            55.7691404476
        ],
        [
            27.9624730192,
            60.878152876,
            72.0436065267,
            21.1561339204,
            63.7895579296
        ]
    ],
    "max_response_time": 27.1344062614
}