{
    "staff_requirements": [
        [
            2.1037313591582585,
            2.8649750667796186,
            8.25487072172173,
            7.630147554969558,
            4.713154576603995,
            3.068658403332492,
            5.043931957988032,
            3.4855299209877706
        ],
        [
            9.488886638058917,
            5.400857854313173,
            4.814247501243049,
            1.3836109779726988,
            1.118161131826544,
            1.8768549510167944,
            7.540867604551838,
            4.296194985731325
        ],
        [
            1.966619389751473,
            6.334726380365628,
            8.815893348143499,
            1.973634561656493,
            4.084470945140227,
            1.5472219673625975,
            1.759914888138858,
            5.575267682835874
        ],
        [
            4.677281499480219,
            1.914998003978483,
            1.4849477124029058,
            7.413591258694984,
            3.9892536231679325,
            9.71897778980572,
            8.316974385321606,
            3.5895277205861365
        ],
        [
            9.729723422052317,
            9.584987651407198,
            5.4282981358627165,
            2.795450785824953,
            4.605554182639909,
            2.0278527165694733,
            2.768982292883927,
            1.1568664840324283
        ]
    ],
    "shift_lengths": [
        4.915864844884967,
        4.1404020993800845,
        8.734640842326737,
        7.087295176073921,
        5.021378471204455,
        7.330669841657311,
        6.365442583589598,
        5.465567277872237
    ],
    "staff_availability": [
        28.410570776795392,
        60.51320754358173,
        40.03864361276352,
        99.97828595634228,
        82.32880829643554,
        79.93043421233374,
        64.6266422140016,
        24.092602312808403
    ],
    "staff_costs": [
        [
            82.88794430159821,
            94.48663919830963,
            92.97723265647815,
            85.44976405332042,
            90.06728541423504,
            49.31279677217734,
            23.40221998918061,
            41.791036297852145
        ],
        [
            15.766709500666202,
            31.649305110889475,
            22.43998194450849,
            86.83746593259502,
            11.708254016098504,
            15.182279930890004,
            33.94039412042939,
            47.33236199841439
        ],
        [
            19.015045523301623,
            96.85728542305422,
            66.41538808523325,
            12.244004293968114,
            16.103011753851955,
            20.48315781766161,
            50.22382432942305,
            53.70883129528379
        ],
        [
            52.06227579108705,
            92.25364575317872,
            13.361566303434273,
            77.41204007684654,
            33.642477264261345,
            31.23567744306488,
            79.14454277405808,
            59.68311686899529
        ],
        [
            83.8492700035963,
            60.66287061688192,
            72.9940496922495,
            73.67566724715167,
            72.67942550972151,
            61.6751968135865,
            38.354227784545316,
            70.09387172589936
        ]
    ],
    "min_break_time": 3.8309156318241007
}