{
    "staff": [
        "staff_0",
        "staff_1",
        "staff_2",
        "staff_3",
        "staff_4"
    ],
    "shifts": [
        "shift_0",
        "shift_1",
        "shift_2"
    ],
    "cost": [
        [
            27.2231364833,
            25.4161232617,
            56.5754452822
        ],
        [
            27.0114192438,
            58.8740130321,
            89.8844654766
        ],
        [
            40.5406500089,
            22.7127551566,
            99.756223043
        ],
        [
            51.443103074,
            10.0000318052,
            5.664521167
        ],
        [
            11.8552639047,
            63.1171581286,
            79.4158570719
        ]
    ],
    "coverage": [
        4,
        5,
        1
    ]
}