{
    "staff_requirements": [
        [
            3.849993177206212,
            2.5490851430645005,
            3.2996952049063557,
            6.479642946396204,
            1.3410802801734758,
            6.3068115761776244,
            6.819256562524874,
            6.3814000218764315
        ],
        [
            5.472152429546036,
            9.213183332644416,
            8.04993276637034,
            5.762691258693345,
            5.435419825836527,
            3.013126521052735,
            1.586067846327826,
            5.16922982270162
        ],
        [
            4.951156110811244,
            2.082501391492692,
            4.731186385750704,
            6.426882825857983,
            7.749160823475898,
            1.918498767152315,
            9.172681774482399,
            9.599068432272903
        ],
        [
            2.3359587710093868,
            5.364598822443897,
            9.5729172933246,
            5.365192542366883,
            6.13916110542094,
            3.2341762565053243,
            8.478248123584379,
            7.859755947447388
        ],
        [
            4.932043326252237,
            2.8984187739544476,
            7.199957651670037,
            5.638493024018284,
            6.318775589436979,
            3.6019529346061896,
            6.116162815747609,
            2.025445989974104
        ]
    ],
    "shift_lengths": [
        6.494915507842688,
        8.26312066712934,
        1.602960366035863,
        8.402913773057143,
        3.3770234621039363,
        8.9508249377987,
        8.63309378096764,
        9.60178957091943
    ],
    "staff_availability": [
        15.582663424702567,
        18.573689898034473,
        12.039231811634075,
        28.429671770278727,
        46.163058442041375,
        43.770035258390955,
        14.227647509879713,
        26.429676727927465
    ],
    "staff_costs": [
        [
            85.69246958384113,
            69.46803569705946,
            69.33374645165091,
            66.77421683290939,
            69.43961163237174,
            33.35423334357905,
            86.4657429142296,
            91.17427434240389
        ],
        [
            59.11729004185105,
            97.59155453686957,
            17.531949513919397,
            43.24392863803472,
            73.16352969097576,
            65.36885314763055,
            56.16597141021977,
            55.40110885832896
        ],
        [
            99.37461733969708,
            62.624165344031326,
            91.07492143805719,
            90.77021509465652,
            17.515071539886417,
            50.00111338963159,
            12.017184613541549,
            85.2652254579601
        ],
        [
            55.328457030180545,
            62.888266047927715,
            36.07899884508776,
            69.53377117022555,
            12.74822073711974,
            83.8313697027121,
            16.35484514643057,
            59.19563467448067
        ],
        [
            45.910149145683064,
            33.403215314226344,
            58.15935531587643,
            24.464469091631024,
            20.821860064686987,
            95.21228163850277,
            89.5097218606217,
            56.97516632216483
        ]
    ],
    "max_overlap": [
        3.9497822799415077,
        1.9325512817826156,
        4.931424005042123,
        4.890076622570991,
        2.4951971303721616,
        4.73002788458866,
        3.156399016755075
    ]
}