{
    "flow_rates": [
        998952.7076232343,
        239823.33365077185,
        459823.5539128198,
        162641.03071839496,
        16914.234290295513,
        669366.5727491063,
        570810.4167918817
    ],
    "costs": [
        185760.79250178367,
        871680.2477542313,
        703431.7550506816,
        464296.88185500476,
        584076.450902142,
        976444.3576662686,
        139485.29076073194
    ],
    "capacities": [
        704198.1609595485,
        531389.4066265334,
        627184.1455238423,
        691059.8880020769,
        385494.3886439577,
        2362.285275178132,
        627677.7188750199
    ],
    "quality_standards": [
        207939.2805166851,
        575654.1382050832,
        297293.3912312712,
        753135.122951266,
        698356.9288264915,
        684980.5161645865,
        612888.7366197456
    ],
    "time_periods": [
        0,
        1,
        2,
        3,
        4,
        5,
        6
    ]
}