{
    "nodes": [
        "Node_0",
        "Node_1",
        "Node_2",
        "Node_3",
        "Node_4",
        "Node_5"
    ],
    "edges": [
        [
            "Node_3",
            "Node_5"
        ],
        [
            "Node_0",
            "Node_5"
        ],
        [
            "Node_1",
            "Node_4"
        ],
        [
            "Node_3",
            "Node_0"
        ],
        [
            "Node_5",
            "Node_2"
        ],
        [
            "Node_4",
            "Node_0"
        ],
        [
            "Node_5",
            "Node_3"
        ],
        [
            "Node_4",
            "Node_3"
        ],
        [
            "Node_2",
            "Node_0"
        ],
        [
            "Node_2",
            "Node_5"
        ],
        [
            "Node_4",
            "Node_1"
        ],
        [
            "Node_5",
            "Node_0"
        ],
        [
            "Node_4",
            "Node_2"
        ],
        [
            "Node_1",
            "Node_2"
        ]
    ],
    "capacities": [
        958.6617569787471,
        619.2251575233496,
        101.51064231782424,
        155.69644295464303,
        582.0427363430849,
        862.4067369798643,
        981.8645483354378,
        387.6786902111233,
        428.5214581919187,
        711.3719533423531,
        816.9087723916517,
        567.7762441141047,
        641.4558748282371,
        299.92740151231976
    ],
    "costs": [
        4.557811454554622,
        5.844636489981847,
        5.145424931074202,
        2.3023070793251064,
        9.486009178097635,
        8.534949891046718,
        5.498493985234411,
        5.102060774913641,
        6.413188722361142,
        2.3128362873460304,
        6.98815633835008,
        8.211625795437108,
        7.32670128575783,
        6.389922774443434
    ],
    "demand": [
        -19.110857321040342,
        49.03351119801401,
        -37.65359873067399,
        49.68486044382249,
        20.652226786294534,
        -2.1717253095827473
    ],
    "time_periods": [
        "Time_0",
        "Time_1",
        "Time_2",
        "Time_3",
        "Time_4"
    ],
    "time_dependent_demand": [
        [
            32.86873043753583,
            -0.4974474821276189,
            20.414047663283114,
            -12.329137281468086,
            48.11427951619787
        ],
        [
            -16.6855453307165,
            32.78846943137519,
            -28.938691431231845,
            23.2658102619893,
            31.041865218484205
        ],
        [
            20.040741365943532,
            -44.74336957696241,
            36.543189567356364,
            -32.09797676147611,
            -1.249534839842127
        ],
        [
            -10.819213614536991,
            48.43895421550583,
            15.92503109006313,
            34.851824610824295,
            49.106321499918266
        ],
        [
            4.7942909540873515,
            -16.25898523447107,
            17.789868618116984,
            49.03142999731537,
            25.771418505432237
        ],
        [
            -10.89369053257763,
            2.784443443085692,
            -21.69601300182635,
            19.637631567615117,
            -30.49078233457456
        ]
    ]
}