{
    "capacity": [
        2804.999610281816,
        3579.1063941258626,
        5790.482251885146,
        7955.083876625005,
        7040.116377613377,
        3453.8878600588923
    ],
    "costs": [
        [
            24.17464133074372,
            20.301435451009148,
            96.24682490576093,
            60.36631871957674,
            19.213776354431836,
            58.82758424824947,
            59.44290912645788,
            34.39468907371248,
            94.89500368678445,
            82.36025546114216,
            61.667464837687135,
            25.414747792570726,
            38.023980373096904,
            90.30187942450121,
            58.65193918293929
        ],
        [
            14.565356535514143,
            12.609341758237786,
            91.29631668921287,
            14.541040953497756,
            44.52396754057696,
            17.750762241944045,
            45.272508458111204,
            73.42098343112261,
            90.21483051291152,
            66.65236208778393,
            72.11124072181354,
            50.125263895603865,
            42.00618817001327,
            39.90988860703839,
            27.833242447382812
        ],
        [
            78.25622916503491,
            82.8369840831581,
            17.06910466873176,
            93.05055922282385,
            78.79854553872781,
            61.10103720323424,
            18.36245568958365,
            82.21154483237872,
            72.87394681680823,
            18.753669716436974,
            37.935251605533196,
            67.99767489671282,
            78.98441457663246,
            52.349128729495995,
            95.27034431801364
        ],
        [
            22.93495154007274,
            90.61307754758587,
            33.224748910647214,
            42.7104410923043,
            26.501776449123884,
            92.55379795928489,
            39.72951606653692,
            87.47124336225055,
            39.228497973050736,
            53.87560593131014,
            15.8828678934283,
            20.159835157019447,
            53.07868772381359,
            86.11896362432941,
            35.4031632029618
        ],
        [
            41.37538980245307,
            61.72104322512045,
            55.71546993601246,
            46.51173840150058,
            74.28457775494606,
            19.628316531541014,
            60.05348740853836,
            16.383159095933916,
            37.19063138922378,
            51.4877367472163,
            63.148236104918794,
            31.471776261022207,
            31.932195494438794,
            24.31182606257688,
            53.41371904718489
        ],
        [
            15.945394118609087,
            28.741433123144603,
            72.46538745751468,
            48.80336478790832,
            98.21847035871322,
            61.04900748177923,
            40.798075117226084,
            72.47198411266423,
            25.577691045665013,
            70.26446764924,
            76.54303404523203,
            74.07179394123662,
            85.30733744648641,
            20.289057443251323,
            63.646794420940864
        ]
    ],
    "demand": [
        9880.67141418394,
        6464.808637874914,
        11678.243485410585,
        9620.535853045074,
        11086.90545740809,
        13973.887723916541,
        15282.630229078239,
        13946.08122535162,
        17297.985931364186,
        9911.123643923007,
        14674.836731720503,
        5922.233323439918,
        8264.17660158503,
        7083.751062370262,
        13711.518373704255
    ],
    "emission_factors": [
        1.5344781712342228,
        1.63869479894899,
        1.5384476630298656,
        1.3556746481620612,
        0.9606513985200675,
        0.6538561816585589
    ],
    "emission_cap": [
        3462.2886651137887,
        2788.639074434835,
        1822.6467276071544,
        4509.701410430602,
        2198.941337176454,
        4177.386638915666,
        3718.2357103988566,
        4674.006490210691,
        4746.705932460041,
        3871.1648876243917,
        4660.471658237714,
        4961.15702656768,
        3330.907911304213,
        3445.963024688412,
        3041.6955174266523
    ]
}