{
    "staff": [
        "staff_0",
        "staff_1",
        "staff_2",
        "staff_3",
        "staff_4"
    ],
    "shifts": [
        "shift_0",
        "shift_1",
        "shift_2",
        "shift_3",
        "shift_4"
    ],
    "cost": [
        [
            16.3924704814,
            95.7640941485,
            34.3228599662,
            10.1818384946,
            10.5749213065
        ],
        [
            84.9019422684,
            60.7688771053,
            80.9056990542,
            73.2434468827,
            54.086581054
        ],
        [
            97.338460634,
            38.4749033436,
            55.652022496,
            83.111061761,
            62.2334554841
        ],
        [
            86.3089831308,
            58.1578623804,
            70.7526117853,
            5.5366139819,
            23.5619292895
        ],
        [
            29.6494083966,
            8.8994057154,
            24.0462977497,
            10.9991415116,
            28.5193867079
        ]
    ],
    "coverage": [
        3,
        2,
        3,
        3,
        2
    ],
    "max_shifts": [
        3,
        1,
        5,
        2,
        5
    ],
    "overtime_penalty": [
        36.7272130996,
        9.0067221943,
        19.5933166461,
        49.4866441812,
        32.3599882329
    ]
}