{
    "nodes": [
        "Node_0",
        "Node_1",
        "Node_2",
        "Node_3",
        "Node_4",
        "Node_5",
        "Node_6"
    ],
    "edges": [
        [
            "Node_0",
            "Node_5",
            6.791676443103018,
            20.107045850444337
        ],
        [
            "Node_2",
            "Node_1",
            41.86945838785239,
            16.886671749046297
        ],
        [
            "Node_3",
            "Node_6",
            90.05064883810027,
            3.54202780817012
        ],
        [
            "Node_1",
            "Node_6",
            60.10345729453026,
            12.588064761131946
        ],
        [
            "Node_4",
            "Node_6",
            50.93770393818482,
            47.518495743267145
        ],
        [
            "Node_2",
            "Node_0",
            32.51530811203666,
            28.10293319036623
        ],
        [
            "Node_0",
            "Node_3",
            3.861737343235945,
            32.04352346400381
        ],
        [
            "Node_0",
            "Node_2",
            55.85345105367894,
            29.72246217787097
        ],
        [
            "Node_0",
            "Node_1",
            76.53485141631988,
            32.92599457856637
        ]
    ],
    "demand": [
        -37.44286574079631,
        6.824563746710055,
        -5.401774433323482,
        34.62778526231571,
        0.04323736090726982,
        28.288158750468128,
        -35.763296951871204
    ],
    "pressure_min": [
        5.863957791535395,
        2.51369498698572,
        3.2064533668594106,
        9.573513640565961,
        9.652168983246643,
        5.99637023408471,
        1.3761287183240758
    ],
    "pressure_max": [
        13.99039496864601,
        12.12483941265889,
        9.413752546387277,
        16.104102131237017,
        11.325985723799942,
        6.598120543366267,
        10.594235843650043
    ]
}