{
    "land_available": 879925.2199974434,
    "crop_yields": [
        853.1668116503637,
        987.6144743577289,
        133.77397843997167,
        630.2349097237882,
        216.01991275297314,
        411.7344350884053,
        884.7855747010437,
        465.9757236846893,
        457.7886915911283,
        952.8503994238258
    ],
    "crop_profits": [
        4688.819829368938,
        3444.233188983117,
        6687.196909255849,
        1417.8353180046843,
        5346.374019522662,
        2535.4704510263878,
        7154.639627714114,
        5727.027274866097,
        9485.249547278141,
        7320.137316192144
    ],
    "water_usage": [
        786.2845219126901,
        369.780756170681,
        468.7421708011885,
        863.8142975891889,
        794.1575213084072,
        381.06847217351225,
        313.82999309434393,
        398.9012651884419,
        475.53012577864286,
        547.4004192331065
    ],
    "water_available": 452867.4907313283,
    "nutrient_usage": [
        905.6293029677794,
        956.175514659523,
        871.4098095697174,
        417.99666822237407,
        207.4156497791883,
        344.30632126462564,
        891.0254075016986,
        663.0549465153186,
        937.7507565343815,
        437.465980861426
    ],
    "nutrient_available": 943256.0809443694,
    "soil_quality_impact": [
        33.597042016907864,
        214.388748721115,
        571.7189765000611,
        180.61738208373467,
        983.7962296494244,
        683.8238648901162,
        771.5476300142491,
        644.8257596631178,
        579.3184513154649,
        802.8284349727008
    ],
    "soil_quality_limit": 1591.7642449719328,
    "crop_rotation_matrix": [
        [
            1,
            1,
            0,
            0,
            1,
            1,
            0,
            0,
            0,
            0
        ],
        [
            0,
            1,
            0,
            1,
            0,
            1,
            1,
            0,
            0,
            0
        ],
        [
            1,
            0,
            1,
            1,
            1,
            1,
            1,
            0,
            1,
            1
        ],
        [
            0,
            0,
            0,
            1,
            1,
            0,
            1,
            0,
            1,
            1
        ],
        [
            0,
            0,
            0,
            1,
            1,
            0,
            0,
            1,
            1,
            1
        ],
        [
            1,
            0,
            0,
            1,
            1,
            1,
            1,
            0,
            1,
            1
        ],
        [
            1,
            0,
            1,
            0,
            0,
            0,
            1,
            1,
            0,
            0
        ],
        [
            0,
            1,
            1,
            0,
            1,
            1,
            0,
            1,
            0,
            1
        ],
        [
            1,
            0,
            1,
            0,
            1,
            1,
            0,
            0,
            1,
            1
        ],
        [
            1,
            1,
            1,
            1,
            0,
            1,
            1,
            0,
            1,
            1
        ]
    ]
}