{
    "production_costs": [
        85870.43435631637,
        865335.1306463331,
        519400.8571444945,
        825144.352458033,
        373984.98973731475,
        520605.29493245395,
        466109.51412255253,
        863673.6761630634,
        844852.3255795107
    ],
    "demand": [
        910789.4646323631,
        308297.3365095154,
        33837.55740517275,
        93287.73734442734,
        54500.71585116161,
        269295.3814396002,
        210044.81747787623,
        418846.6292096356,
        504422.7752011791
    ],
    "storage_capacity": [
        861724.5505187594,
        582590.9535867156,
        791501.47327402,
        894834.4619310942,
        940363.4596879148,
        164546.72338934182,
        498108.7194056853,
        838192.9072623161,
        56614.89287881115
    ],
    "shelf_life": [
        612149.4367457523,
        514989.677488188,
        68250.0087052826,
        581385.4859117442,
        367102.9566386537,
        927963.9470497026,
        815016.8084217876,
        497807.7213372531,
        954833.5509676343
    ]
}