{
    "staff_requirements": [
        [
            7.523074565838712,
            5.167247009530919,
            7.6929400856983445,
            5.437916062547223,
            2.4540551995797193
        ],
        [
            4.537736211781093,
            3.224217731334903,
            1.1760428036704171,
            3.9936175223390853,
            8.788898559548453
        ],
        [
            6.198480340070062,
            9.577696703183491,
            5.483056459582713,
            7.439418014327197,
            2.048310157836557
        ],
        [
            9.03944713638306,
            6.432466800688366,
            8.631494840573728,
            6.24039211086306,
            1.024192733177188
        ],
        [
            6.13938888586294,
            4.961275306559669,
            2.4588061459283357,
            3.979987540978224,
            7.000484713238875
        ],
        [
            6.363062070433788,
            7.837710684113208,
            9.195971336061568,
            7.46888156989677,
            2.928134749926235
        ],
        [
            7.371267855602834,
            8.357502191825887,
            2.2444783018246808,
            9.561123721486405,
            9.512238608560166
        ],
        [
            5.670504221225118,
            2.176014954918296,
            1.2527053826368362,
            7.076985662987386,
            9.748767010025738
        ],
        [
            2.2124466384880437,
            4.278765451715776,
            7.562827796602783,
            7.534983856728699,
            1.4886155719445293
        ],
        [
            2.6959641244962578,
            1.3389139991279189,
            1.4001904978439508,
            7.848970867603198,
            5.400508861684946
        ]
    ],
    "shift_lengths": [
        6.675829846993746,
        5.802101829601659,
        4.25921410046792,
        4.524224963347671,
        7.0453612430576165
    ],
    "staff_availability": [
        9.3290289985906,
        13.988348662861652,
        14.173072576967188,
        14.71884513194937,
        17.691790529129392
    ],
    "staff_costs": [
        [
            70.06131139613768,
            42.16278416379585,
            31.311626936260172,
            58.149061169409144,
            93.18723205834098
        ],
        [
            81.88228484546319,
            93.02926784421962,
            81.13024517729215,
            83.22495370485768,
            13.63940103485858
        ],
        [
            11.56033169501808,
            98.0190862505832,
            31.265860595025266,
            44.906600475956616,
            17.3808892318647
        ],
        [
            61.53993224327792,
            81.4823813859128,
            38.86607229600306,
            51.41932946426241,
            41.219872125734135
        ],
        [
            88.46427041791698,
            95.86847758967151,
            88.48059539136439,
            61.346451125059836,
            93.56836108925435
        ],
        [
            18.42123174708822,
            80.10503458551604,
            67.86205024977743,
            25.073206500186366,
            93.41756184159975
        ],
        [
            94.76447860016789,
            77.43504517780453,
            69.76075278343778,
            18.322755301379853,
            27.895554699131743
        ],
        [
            34.9465767207587,
            88.10712595390521,
            56.02428814289432,
            15.10197769915473,
            84.09242531411302
        ],
        [
            92.04889983268173,
            61.8894257947996,
            99.2960585825793,
            17.43830352230026,
            71.80961752991115
        ],
        [
            54.987871783700804,
            64.78274849852409,
            20.365312345821884,
            45.80375540522844,
            66.99616181540381
        ]
    ],
    "staff_skill_levels": [
        3.9270217165883596,
        1.4622383775486236,
        1.629618201198554,
        4.466923555337964,
        4.6959500521541235,
        4.8404559928281525,
        2.640446050958419,
        4.010639418965066,
        1.5585401968211965,
        1.460663664514938,
        4.085507623732718,
        3.69375083116402,
        1.4637355838033432,
        2.530328226169833,
        1.4180221298188709,
        4.65314111652097,
        1.1674044764327043,
        3.4700318491956796,
        1.127669437125057,
        1.5439470923840806
    ],
    "task_skill_requirements": [
        2.3717557389055988,
        3.970318672821839,
        3.1166208612904542,
        2.75054788388021,
        1.994695401130656,
        4.701931942193926,
        3.987092367699174,
        1.8563568901128478,
        2.17444889461648,
        1.7697782943084404
    ]
}