{
    "raw_materials": [
        6884.48374101197,
        5240.976722274793,
        9262.171682457243,
        1412.2152416716733,
        7311.6713005235615,
        2174.8396018839385,
        2550.241080626495,
        1449.6219764795978,
        3766.036014159418
    ],
    "material_requirements": [
        [
            7.957601335370489,
            4.616227469974281,
            1.7898249400406057,
            5.951320643970223,
            8.196221759862876,
            1.1526788825569954,
            5.021720615701945,
            8.011834701111335,
            2.283667990004942
        ],
        [
            8.064089956180359,
            4.319493492988472,
            8.134058194423988,
            9.823708252649688,
            6.816138589232304,
            3.3099259160156853,
            9.760947367343865,
            5.802073403479601,
            1.459561079619376
        ],
        [
            8.380628213662316,
            7.951706532470846,
            7.665856035435995,
            5.9715440051043895,
            3.42148690392,
            1.2953803465630431,
            1.4982443459313048,
            4.210027809915716,
            6.993328278230731
        ],
        [
            5.578736526024048,
            4.442745999336849,
            9.264187752914872,
            0.5029190541831529,
            1.08968172171278,
            8.488930431445887,
            6.16317090260757,
            7.798850212706337,
            0.25474023005594765
        ]
    ],
    "product_prices": [
        492.09780007537734,
        16.28608276808078,
        187.6187275862365,
        98.24982762093717
    ],
    "environmental_impact": [
        65.21040360639749,
        88.70282268259511,
        41.68060199753196,
        80.76043914440905
    ],
    "max_environmental_impact": 7953.064376742484
}