{
    "costs": [
        743.1839652390206,
        808.9998404499381,
        413.4909726367341,
        853.6285413682125,
        183.22477182364017
    ],
    "availability": [
        290.30570399199416,
        637.2558168387984,
        618.1116844886128,
        272.8619963211724,
        623.131026495278
    ],
    "requirements": [
        [
            1.959115481185711,
            0.29201443274526384,
            0.5913575150086764,
            5.396210455291686,
            1.9407822216011041
        ],
        [
            1.1125075376997435,
            2.765031815602541,
            7.180439827891623,
            7.298359997430596,
            2.404823929763959
        ],
        [
            1.591768567605137,
            4.986437576637878,
            3.4849372532994,
            3.1846091835102492,
            8.014677284167096
        ]
    ],
    "min_dosage": [
        99.79838117039435,
        46.904762253139495,
        79.35104671226424
    ],
    "max_dosage": [
        133.6946160565472,
        184.5110836275398,
        195.21276013152817
    ],
    "nutrient_content": [
        [
            0.6547796095787388,
            7.778963816053983,
            0.8067084780156627,
            4.754453088327325,
            2.0027036999718826
        ],
        [
            8.43123895060857,
            8.190782167595746,
            8.299695269203882,
            1.3074194062391307,
            7.7046421414267785
        ],
        [
            2.5647273690216177,
            7.735130796970612,
            4.485313327214908,
            7.402428224279735,
            0.4317518865457233
        ],
        [
            4.66226288959157,
            7.732860081122867,
            5.259277288567111,
            9.822946928915579,
            4.780972895416
        ]
    ],
    "min_nutrient": [
        68.46278968572747,
        31.898827192822907,
        32.98325565980771,
        63.28726115893923
    ],
    "max_nutrient": [
        105.17640564387838,
        193.80467143959115,
        152.57169903883346,
        126.0779612931738
    ]
}