{
    "production_costs": [
        248366.31702920387,
        648434.7420617001,
        592939.1351257025,
        910478.6296956484,
        66434.73583512762
    ],
    "demand": [
        305607.5437766076,
        338256.6628128995,
        20692.278205442326,
        326790.7210017758,
        461448.47702316946
    ],
    "storage_capacity": [
        863505.153276403,
        568481.3554752249,
        901508.4353666861,
        267352.2663666447,
        696262.5178115829
    ],
    "shelf_life": [
        588401.2443662748,
        985779.0167271928,
        378359.8558365046,
        390910.4895971636,
        572966.1061587031
    ],
    "nutritional_content": [
        [
            808518.2417994012,
            100956.62652085042,
            675436.1840315342,
            336631.49502303195
        ],
        [
            503265.7540637681,
            765138.9966288221,
            340199.8854015811,
            615213.0456806822
        ],
        [
            363970.971051293,
            436555.1411401992,
            497454.75973046385,
            847486.7600585009
        ],
        [
            787362.4590877134,
            840540.1082223948,
            536298.1894378812,
            288068.2035005833
        ],
        [
            48483.82975178168,
            996231.4656670926,
            402625.32483636145,
            226660.09105703013
        ]
    ],
    "min_nutritional_requirements": [
        743145.1376004749,
        92865.87740472796,
        844342.6971183348,
        95638.88154382096
    ]
}