{
    "supply": [
        7673.954497838496,
        3204.026684231286,
        2255.841356726295,
        1922.4565855435676
    ],
    "demand": [
        7666.0097020090825,
        5908.298803735148,
        6314.432612041357
    ],
    "cost": [
        [
            4.146485268696576,
            10.275828746297652,
            24.03342844568322
        ],
        [
            60.59985417594805,
            56.563261230922684,
            71.88594167931794
        ],
        [
            70.43117238543336,
            42.53246227520422,
            45.47169558210151
        ],
        [
            28.54088011483561,
            87.06073175850047,
            76.12192934584697
        ]
    ],
    "time_windows": [
        [
            1.5965931637689013,
            14.226143981535024
        ],
        [
            2.7787134167164185,
            12.153137621075889
        ],
        [
            7.634941290065239,
            11.022102765198486
        ]
    ],
    "delivery_times": [
        [
            7.5985460127467475,
            7.179587609692568,
            6.879114449579422
        ],
        [
            5.290417344440261,
            0.8690088584619438,
            9.18849759343685
        ],
        [
            2.496523257064187,
            18.445907440563197,
            1.5760039615691634
        ],
        [
            5.863565628141858,
            12.572795989888867,
            17.709034958736137
        ]
    ]
}