{
    "large_sheet_width": 9788.80307472644,
    "large_sheet_height": 1681.011303282089,
    "small_panes": [
        [
            381.62548964458375,
            492.9515452861373
        ],
        [
            384.6315316173871,
            365.007550517752
        ],
        [
            58.740875761221396,
            245.61252088991114
        ],
        [
            404.7074295266892,
            196.18403462448748
        ],
        [
            438.23897147220936,
            362.1781998636594
        ],
        [
            152.45768170767008,
            214.41873281416895
        ],
        [
            272.7982142224512,
            137.92084506839774
        ]
    ],
    "demand": [
        42,
        42,
        88,
        83,
        24,
        72,
        6
    ]
}