{
    "num_staff": 6,
    "num_shifts": 3,
    "shift_durations": [
        5.950027146462126,
        6.696769830398643,
        7.233919700709892
    ],
    "availability": [
        [
            3.291622685767923,
            1.5009516601437234,
            5.229149597222649
        ],
        [
            2.1065629799199543,
            5.216989205627508,
            3.3293355621203284
        ],
        [
            4.747313546450868,
            5.389637754570144,
            4.846932187029964
        ],
        [
            2.3690519741558393,
            1.9611481963806812,
            0.3267386423709513
        ],
        [
            3.5982599394627695,
            2.8235758804102313,
            4.627205709800144
        ],
        [
            4.9687879606854395,
            2.5200922978638496,
            3.9554960051649473
        ]
    ],
    "room_cleaning_time": [
        0.8972470566878822,
        1.4177059057650145,
        0.5384315542762506,
        1.17958964979314
    ],
    "num_rooms": [
        14,
        12,
        11,
        17
    ],
    "staff_skill_level": [
        1,
        2,
        5,
        3,
        1,
        4
    ],
    "room_skill_requirement": [
        2,
        2,
        3,
        5
    ]
}