{
    "costs": [
        674.024218865032,
        821.2536148030376,
        76.9527917131554,
        931.464843595827,
        477.0788986352004,
        354.18438828995494,
        894.4219366173364,
        269.80670668633024
    ],
    "availability": [
        9476.469279728433,
        6862.762354385309,
        9108.28184398009,
        5040.093469600462,
        2076.698737033661,
        7380.747745904024,
        8740.15073424215,
        2147.1084599878977
    ],
    "requirements": [
        2.107388932003906,
        2.5719847960748794,
        6.224109301899902,
        1.6443561279139733,
        1.156223972043373,
        9.209862482376597,
        6.790540036277613,
        6.667898375372455
    ],
    "demand": 6524.442777481772,
    "emissions": [
        76.44799684228914,
        54.19324806484215,
        4.322086360426675,
        48.28097891198496,
        62.10468073569349,
        49.284803732650786,
        98.5375967995124,
        89.71027734201017
    ],
    "waste": [
        86.89000667889289,
        49.13145462549402,
        98.4410287994877,
        91.60908228428848,
        28.09863565600039,
        22.28706902967335,
        57.708852116106236,
        5.509402311749534
    ],
    "max_emissions": 8193.42926001983,
    "max_waste": 5304.880689508391
}