{
    "shift_requirements": [
        7.052646085377069,
        7.426798385686693,
        7.7103884448176325,
        1.0252314556041098,
        8.66553914710994
    ],
    "availability": [
        [
            2.1976588776924944,
            5.9534138736324165,
            5.857277802731644,
            6.886772621342718,
            0.8846524089394281
        ],
        [
            1.6914707682347068,
            3.045704679543787,
            3.0441659183257874,
            3.851219524975762,
            4.864160226608538
        ],
        [
            2.754450333744951,
            1.9178795695361428,
            1.8310538919885078,
            0.22878996183823386,
            0.821668946840937
        ],
        [
            0.3720285690063223,
            5.7375268334699765,
            0.5378155777793934,
            4.112897883886154,
            7.416843050030265
        ],
        [
            4.783486428451722,
            1.0247696927743242,
            0.18426304187042852,
            0.6616100414231036,
            7.194644847535771
        ],
        [
            7.713765244189335,
            0.48588713256246585,
            6.304946531383022,
            0.898681402887302,
            2.032993940882605
        ],
        [
            1.7411840131535294,
            1.108166494970214,
            7.410347261659331,
            2.1174165517764534,
            5.313088645368684
        ],
        [
            4.69745812482452,
            0.4826435446057511,
            1.4783098474543905,
            6.431683532465237,
            4.650200993285178
        ],
        [
            1.861845392419288,
            3.0757182033233663,
            7.246219368369517,
            1.7623803143126393,
            2.3511210915296967
        ],
        [
            0.24829781572126297,
            2.6018745845278133,
            7.80589819586134,
            2.7269777659637917,
            4.354662871384096
        ],
        [
            2.657559262273349,
            1.3823552602118898,
            7.863709343915707,
            4.647344387452257,
            3.4473458720493193
        ]
    ],
    "wages": [
        48.15010506139282,
        17.053629500918607,
        47.84870445980515,
        15.059615390247373,
        48.15421798213458,
        14.094457768249713,
        46.79155174519945,
        18.59176667072964,
        36.56625522406556,
        26.99685122405922,
        42.462536904777345
    ]
}