{
    "projects": [
        "Project_1",
        "Project_2",
        "Project_3",
        "Project_4",
        "Project_5"
    ],
    "costs": [
        11.2564560265,
        51.2338421498,
        16.31828741,
        48.7367502242,
        84.8802099654
    ],
    "returns": [
        35.6612854279,
        56.0702821343,
        12.3736460395,
        28.578253037,
        23.3897503385
    ],
    "budget": 271.6449643527,
    "capacity": [
        6.0486913157,
        7.9068927867,
        6.5955142492,
        7.0747904016,
        6.0106577965
    ],
    "max_capacity": [
        11.0899491555,
        11.57831228,
        11.9347118786,
        5.2895318106,
        7.7327038871
    ],
    "risks": [
        7.647854228,
        9.2232214582,
        3.5751318653,
        1.8959150263,
        1.5181897544
    ],
    "max_risk": 36.2937853935,
    "diversification": 1
}