{
    "projects": [
        "Project_0",
        "Project_1",
        "Project_2",
        "Project_3",
        "Project_4"
    ],
    "budget": 91.7361972788,
    "costs": [
        19.7036694891,
        8.6559635911,
        13.2689761532,
        10.7537901987,
        18.828022249
    ],
    "returns": [
        30.3296356637,
        45.1730502059,
        44.5610773771,
        21.0498961129,
        41.6002472801
    ],
    "dependencies": [
        [
            1,
            2
        ],
        [
            1,
            3
        ],
        [
            3,
            4
        ]
    ]
}