{
    "supply": [
        5281.204329281299,
        9850.31908553609,
        8705.263838792522,
        5830.54480674671,
        2209.6485623139215
    ],
    "demand": [
        3214.7199298621194,
        3365.8485673609916,
        1901.4389711849064,
        2612.691413968581
    ],
    "cost": [
        [
            90.38541209272519,
            13.691662505006558,
            65.9810529534416,
            37.19268993089817
        ],
        [
            61.74734765421422,
            71.9152139614778,
            48.30119468113309,
            75.12317269502465
        ],
        [
            85.3448786776715,
            20.432422551940864,
            22.711801811744785,
            13.850953621710092
        ],
        [
            94.28662386623738,
            23.329632269306348,
            9.13670944851144,
            10.384129807424086
        ],
        [
            40.98001469632743,
            88.80487442677051,
            11.41759277677611,
            23.396116955700514
        ]
    ],
    "service_level": [
        0.5923133780435855,
        0.8296846795868431,
        0.6643128794076311,
        0.986978372417946
    ],
    "delivery_time": [
        [
            7.0152072706599675,
            5.6792523313473104,
            6.194503977066176,
            8.952245558802282
        ],
        [
            7.839042559979775,
            2.1853638734779963,
            4.798188569940152,
            6.95081645479045
        ],
        [
            6.214317035881377,
            9.411619690483331,
            1.3080278167979675,
            9.154130773230959
        ],
        [
            4.465270122043208,
            1.4321658845823528,
            2.7810653732402293,
            2.639552229113099
        ],
        [
            2.2865901940440825,
            1.3070263528705515,
            8.152949952635645,
            2.4569668439840697
        ]
    ],
    "max_delivery_time": [
        6.612661891121883,
        7.860433663456751,
        7.419224301639216,
        6.719508848627964
    ]
}