{
    "reservoirs": [
        5742.406964333303,
        3775.774526661308,
        2984.665919522721,
        9860.010924890075,
        1493.0376266627288,
        2839.8081191835863,
        9507.916785039795,
        7906.145745777437,
        7877.448061851229
    ],
    "fields": [
        1802.5120904784692,
        1039.9295466749709,
        2738.233978759971,
        2437.9475510912134,
        1081.3356579164674,
        2896.620565403407,
        1535.4982223449686,
        3014.2560545362076
    ],
    "costs": [
        [
            67.13676900277896,
            36.06254996460284,
            40.310046250482436,
            74.46209141007009,
            44.1857399557189,
            46.515670785271226,
            8.708398575700002,
            31.993002437056276
        ],
        [
            43.499144343782724,
            41.0378655660182,
            64.3740252357103,
            29.662005352990057,
            41.0981983994305,
            96.65376941227949,
            18.01544487722883,
            94.813816623348
        ],
        [
            46.54959328748706,
            69.2713940669388,
            36.823416432178455,
            44.23446617725455,
            11.48045020616301,
            44.1319761670996,
            40.64453181529262,
            8.786061660803128
        ],
        [
            87.18191720334575,
            74.83467781999569,
            22.935633830530882,
            78.1326689917232,
            8.561558369829093,
            63.68924202985046,
            53.52987725649218,
            20.196466920423134
        ],
        [
            77.8465947031092,
            35.758873760778684,
            95.86411155071788,
            64.89885464078682,
            15.62129376374644,
            11.177648249998521,
            26.340853978171257,
            18.176403221767387
        ],
        [
            16.134109111587055,
            76.15608562451148,
            8.459974084328607,
            95.17792191737861,
            63.166928439718376,
            46.93135378278893,
            56.80981284549711,
            58.367340880942486
        ],
        [
            68.43221435316853,
            88.32276750270043,
            64.65619123648504,
            98.66666282585007,
            32.99761592269271,
            97.12633335660787,
            32.29775055456744,
            44.53651881784453
        ],
        [
            47.423187269110954,
            63.507126882517504,
            79.83663823599139,
            59.55055592627108,
            35.84228003938758,
            8.34487496115548,
            46.712506158198956,
            4.7231173115381155
        ],
        [
            37.50502234949146,
            29.420626227530605,
            64.82198048800791,
            97.75948472078177,
            9.939353897316977,
            59.81390204429413,
            39.063765181664024,
            58.452611333707864
        ]
    ],
    "evaporation_rates": [
        [
            0.09588083290505112,
            0.07650289409331165,
            0.01369204424676323,
            0.09181449609162981,
            0.061449101780842036,
            0.02694155185623026,
            0.06445052506630579,
            0.05512305716855449
        ],
        [
            0.09619501229799265,
            0.050547079811358225,
            0.08298701301903587,
            0.0853639460422799,
            0.09841470229840577,
            0.017589621882210745,
            0.06815143820293473,
            0.013522791358060643
        ],
        [
            0.0736859533890951,
            0.09918874203821988,
            0.05716616978531572,
            0.0648824865690407,
            0.042750816371714156,
            0.09261431102052645,
            0.04486749035708044,
            0.07970183097163619
        ],
        [
            0.0711007948503623,
            0.014712896578240564,
            0.06677979169977816,
            0.04011844125339439,
            0.0396721679605956,
            0.060216689117656215,
            0.044790778425136415,
            0.032679620646953796
        ],
        [
            0.0866409633985964,
            0.0967969025788519,
            0.06424307322945573,
            0.023533599451203514,
            0.017335178870309557,
            0.0697250895405453,
            0.09250718095514082,
            0.037920856379663095
        ],
        [
            0.06904492462324498,
            0.06959216412362619,
            0.021605649244440417,
            0.07379506129339485,
            0.01762471108036018,
            0.06030298630819573,
            0.06791439370251875,
            0.03956288988282256
        ],
        [
            0.021501438769031135,
            0.07325477849398782,
            0.0952397761977443,
            0.09974477016692831,
            0.0921203186912492,
            0.018410766855941958,
            0.07034104360719452,
            0.05576396377805269
        ],
        [
            0.011640748401237945,
            0.037797946305749286,
            0.09560523822365209,
            0.04075591106183934,
            0.07895405869010376,
            0.027280471029794764,
            0.09999789589927258,
            0.023945065564996433
        ],
        [
            0.036621289148915964,
            0.08093081563042602,
            0.05569207414521817,
            0.0585793682572304,
            0.07647796027013208,
            0.05738784665910359,
            0.06957363136342759,
            0.08887534952884676
        ]
    ]
}