{
    "costs": [
        93.09089264409606,
        21.665071255856645,
        49.64914464139914,
        89.08696519118318,
        8.91572352005433
    ],
    "availability": [
        820.9179541097957,
        154.63016945744636,
        602.2179005230196,
        944.4194719298746,
        474.3578824387778
    ],
    "requirements": [
        [
            3.753779643498888,
            7.113494471290485,
            8.254065366146266,
            2.731574781516986,
            0.5024662075159942
        ],
        [
            0.7968424831414166,
            3.108655033793749,
            9.451574471871632,
            9.609808779827537,
            1.0614805765608593
        ],
        [
            7.27920213481097,
            5.363444408884478,
            1.9756580897560898,
            5.309301015757601,
            2.5627539876347325
        ]
    ],
    "min_dosage": [
        35.013002141566076,
        17.155915665156684,
        39.9677743190949
    ],
    "max_dosage": [
        70.75923001248701,
        55.27570909495779,
        81.9312149944021
    ],
    "min_purity": [
        0.386370692697123,
        0.4669764739426995,
        0.6321938838188349,
        0.8062592154985809,
        0.23344745512283796
    ],
    "max_purity": [
        0.9180396538600069,
        0.9401557173614895,
        0.933751287056157,
        0.9158176455899332,
        0.9998433572053281
    ]
}