{
    "supply": [
        7341.146525934311,
        1412.4194529009599,
        3051.0844808639217,
        3604.4916724189643,
        1718.1277923126474,
        3095.1179772492715,
        1909.012864687562,
        3501.762427990829
    ],
    "demand": [
        6721.159998379601,
        4283.489610730758,
        4331.628704051944,
        2885.563276943389,
        3402.80039844202,
        9429.891289412446
    ],
    "cost": [
        [
            65.15550313941276,
            61.30396956103183,
            17.942726171611604,
            73.18355299708458,
            17.17684688243091,
            38.56608873400713
        ],
        [
            98.96281171302293,
            64.35997622555519,
            56.13802463368998,
            68.77681084799758,
            84.44234009879115,
            77.82399124307824
        ],
        [
            23.675759124446333,
            4.1779241464997385,
            32.22985175784911,
            27.50634672159457,
            21.88730151504632,
            94.34806171917039
        ],
        [
            87.76039502079422,
            32.15311019904931,
            65.88842786419312,
            40.16755820500576,
            91.5402113843138,
            46.42633340615248
        ],
        [
            27.223136483307194,
            25.41612326170436,
            56.575445282151925,
            27.01141924377059,
            58.87401303213051,
            89.88446547664522
        ],
        [
            40.54065000889933,
            22.71275515657105,
            99.75622304301592,
            51.443103073969986,
            10.000031805205595,
            5.664521167048722
        ],
        [
            11.855263904715256,
            63.117158128605915,
            79.41585707193344,
            42.79383671316872,
            7.289242909043756,
            38.780309364147136
        ],
        [
            99.61601664376958,
            53.382320164814566,
            97.1367593837482,
            86.21719052121531,
            2.1366211723391437,
            72.35146011665927
        ]
    ],
    "capacity": [
        [
            3567.6966606195865,
            2916.366486839578,
            1700.7133547864426,
            3384.3280936091364,
            1001.984781181444,
            2456.443628010972
        ],
        [
            2541.756678481429,
            4792.17167384486,
            4441.338231701873,
            1685.2507283799084,
            2752.6375087263423,
            1303.9334623855912
        ],
        [
            4606.825277051692,
            4417.333564265451,
            1843.0015615188481,
            3375.2727268970234,
            3240.3659514717756,
            1187.7767084733566
        ],
        [
            3931.2986003381807,
            2927.2056355383156,
            4003.819153837512,
            2886.5915248782985,
            502.5735325757458,
            1958.7022565210289
        ],
        [
            587.6453407362453,
            4680.9437731907765,
            4454.248450204329,
            4242.494882125307,
            1883.8135643119765,
            760.663249223844
        ],
        [
            4451.043196418183,
            4761.2725038409735,
            885.4405343054545,
            2686.957084924762,
            811.4563331077263,
            3922.709743657542
        ],
        [
            3946.254931881445,
            1077.7615902489326,
            2638.770701444291,
            2974.1161707272477,
            1692.754830230266,
            4425.948684883659
        ],
        [
            2404.120730903991,
            1453.0919244893694,
            2926.8323995075625,
            3784.689810904893,
            1405.1797852536315,
            1902.7233108540272
        ]
    ]
}