{
    "npv": [
        7320.273731308014,
        1690.9838189836182,
        4925.432721820192,
        8713.848901020283,
        1385.050480762255
    ],
    "cost": [
        1.0,
        1.0,
        1.0,
        1.0,
        1.0
    ],
    "budget": 1000000.0,
    "dependencies": [
        [
            0,
            0,
            0,
            0,
            0
        ],
        [
            0,
            0,
            0,
            0,
            0
        ],
        [
            0,
            0,
            0,
            0,
            0
        ],
        [
            0,
            0,
            0,
            0,
            0
        ],
        [
            0,
            0,
            0,
            0,
            0
        ]
    ],
    "time_windows": [
        [
            0,
            1
        ],
        [
            0,
            1
        ],
        [
            0,
            1
        ],
        [
            0,
            1
        ],
        [
            0,
            1
        ]
    ],
    "resources": [
        [
            1000000.0,
            1000000.0,
            1000000.0
        ],
        [
            1000000.0,
            1000000.0,
            1000000.0
        ],
        [
            1000000.0,
            1000000.0,
            1000000.0
        ],
        [
            1000000.0,
            1000000.0,
            1000000.0
        ],
        [
            1000000.0,
            1000000.0,
            1000000.0
        ]
    ],
    "resource_limits": [
        1000000.0,
        1000000.0,
        1000000.0
    ]
}
