{
    "flow_rates": [
        736025.0243493245,
        55756.8635361026,
        945376.9075579502,
        674978.3136220763,
        888089.9280496762,
        111855.57718256138,
        366225.268087443,
        619514.3169450272,
        366205.5728291464
    ],
    "costs": [
        17609.213578346724,
        55923.16675720273,
        6793.890824316029,
        70962.77988165761,
        20550.788050344134,
        98127.03706293907,
        23939.407265256486,
        11444.412114761286,
        47901.497155161705
    ],
    "capacities": [
        9392087.845394377,
        5805392.659698445,
        9591446.27356088,
        2105841.816248023,
        7452716.979244725,
        2262117.890726279,
        3533589.5767089054,
        2680904.9448417425,
        6805465.121828482
    ],
    "quality_standards": [
        27786818.8659888,
        6430581.087947609,
        34588135.52033769,
        48674067.82429564
    ],
    "seasonal_factors": [
        1.2900238986636678,
        0.6840641513857675,
        1.5647379331131035,
        1.51746243788353
    ]
}