{
    "students": [
        "student_0",
        "student_1",
        "student_2",
        "student_3",
        "student_4"
    ],
    "courses": [
        "course_0",
        "course_1",
        "course_2",
        "course_3"
    ],
    "preferences": [
        [
            81.6941770072021,
            92.1951832695836,
            63.34072903131834,
            84.24529243987084
        ],
        [
            56.56765472107076,
            55.024698248626926,
            95.84231924690427,
            14.618848254873283
        ],
        [
            70.53632379006245,
            76.82892561576506,
            74.74198762746525,
            58.63193032276559
        ],
        [
            40.70272077506196,
            14.779102281066924,
            52.15485636032493,
            77.2977148487607
        ],
        [
            75.95866819367696,
            39.780610253754375,
            44.15507224455527,
            54.8094133001067
        ]
    ],
    "capacities": [
        100,
        100,
        100,
        100
    ],
    "min_courses": [
        1,
        1,
        1,
        1,
        1
    ]
}
