{
    "staff_requirements": [
        [
            1.0,
            1.0,
            1.0,
            1.0,
            1.0,
            1.0,
            1.0,
            1.0
        ],
        [
            1.0,
            1.0,
            1.0,
            1.0,
            1.0,
            1.0,
            1.0,
            1.0
        ],
        [
            1.0,
            1.0,
            1.0,
            1.0,
            1.0,
            1.0,
            1.0,
            1.0
        ],
        [
            1.0,
            1.0,
            1.0,
            1.0,
            1.0,
            1.0,
            1.0,
            1.0
        ],
        [
            1.0,
            1.0,
            1.0,
            1.0,
            1.0,
            1.0,
            1.0,
            1.0
        ]
    ],
    "shift_lengths": [
        7.968025429546642,
        6.749712750669163,
        4.840714073625766,
        8.980568442902785,
        2.812417946939819,
        6.062838930351578,
        1.4637078112001838,
        9.665569549968419
    ],
    "staff_availability": [
        100.0,
        100.0,
        100.0,
        100.0,
        100.0,
        100.0,
        100.0,
        100.0
    ],
    "staff_costs": [
        [
            22.6630851126598,
            83.00302049948115,
            68.64573656139297,
            24.15012682678364,
            43.241526430967234,
            29.726883155951487,
            33.20483663129038,
            34.813910083046835
        ],
        [
            29.55790448345587,
            88.99743180998907,
            65.41270151372805,
            56.28512367501685,
            14.091435651931157,
            46.200747172900336,
            25.131225844608263,
            44.778369014147664
        ],
        [
            72.48331568385403,
            59.95491133179899,
            74.9612218363535,
            52.40801604219545,
            90.63643577051327,
            70.68066529852847,
            88.77180339901689,
            18.491837634723108
        ],
        [
            73.16727312468029,
            97.80223189706425,
            21.58316428611635,
            18.11209595626977,
            70.00656388800894,
            83.98609360966702,
            45.155792748141074,
            31.75436220731941
        ],
        [
            99.62522146674334,
            60.57129129837345,
            70.71653800433332,
            47.141016667862445,
            87.29256338757443,
            70.57508352019158,
            24.546230324844473,
            57.878112580848146
        ]
    ],
    "max_overlap": [
        1000000.0,
        1000000.0,
        1000000.0,
        1000000.0,
        1000000.0,
        1000000.0,
        1000000.0
    ]
}
