{
    "budget": [
        1000000.0,
        1000000.0,
        1000000.0
    ],
    "costs": [
        [
            1.0,
            1.0,
            1.0,
            1.0,
            1.0
        ],
        [
            1.0,
            1.0,
            1.0,
            1.0,
            1.0
        ],
        [
            1.0,
            1.0,
            1.0,
            1.0,
            1.0
        ]
    ],
    "benefits": [
        [
            787619.8343191599,
            247207.82181178467,
            504026.06462821504,
            156648.39243218416,
            193389.53320054692
        ],
        [
            988043.8118639207,
            831148.7679599865,
            627473.0464501749,
            860338.209523972,
            462855.613532438
        ],
        [
            625014.9181564859,
            596005.5756291385,
            146657.1297404984,
            990424.9321004346,
            498273.8054630733
        ]
    ],
    "regulatory_limits": [
        1000000,
        1000000,
        1000000,
        1000000,
        1000000
    ],
    "resource_limits": [
        1000000,
        1000000,
        1000000,
        1000000,
        1000000
    ],
    "dependencies": [
        [
            0,
            0
        ],
        [
            0,
            0
        ],
        [
            0,
            0
        ],
        [
            0,
            0
        ]
    ]
}
