{
    "students": [
        "student_0",
        "student_1",
        "student_2",
        "student_3",
        "student_4"
    ],
    "courses": [
        "course_0",
        "course_1",
        "course_2",
        "course_3"
    ],
    "preferences": [
        [
            48.48820668119532,
            79.66055979163441,
            21.63921678760715,
            96.65322319713601
        ],
        [
            33.67406228486922,
            15.557758684529244,
            99.26582523445747,
            16.21105154479048
        ],
        [
            88.34515052466303,
            86.11460906846524,
            100.84435115304257,
            42.535551605879085
        ],
        [
            63.149418551383995,
            88.77403756832693,
            90.19683380115833,
            3.4195351243477603
        ],
        [
            67.60929607963504,
            76.29208956928926,
            99.30822484682218,
            84.13396841988036
        ]
    ],
    "capacities": [
        100,
        100,
        100,
        100
    ],
    "prerequisites": [
        [
            1,
            1,
            1,
            1
        ],
        [
            1,
            1,
            1,
            1
        ],
        [
            1,
            1,
            1,
            1
        ],
        [
            1,
            1,
            1,
            1
        ],
        [
            1,
            1,
            1,
            1
        ]
    ],
    "min_course_load": 1
}
