{
    "nodes": [
        "Node_0",
        "Node_1",
        "Node_2",
        "Node_3",
        "Node_4",
        "Node_5",
        "Node_6"
    ],
    "edges": [
        [
            "Node_4",
            "Node_1",
            1000.0,
            48.035275636709756
        ],
        [
            "Node_2",
            "Node_7",
            1000.0,
            27.275848498167804
        ],
        [
            "Node_4",
            "Node_7",
            1000.0,
            50.50070104567892
        ],
        [
            "Node_4",
            "Node_7",
            1000.0,
            47.8077327755918
        ],
        [
            "Node_3",
            "Node_1",
            1000.0,
            31.125221121446895
        ],
        [
            "Node_1",
            "Node_7",
            1000.0,
            32.263605159290584
        ],
        [
            "Node_1",
            "Node_5",
            1000.0,
            37.26076985946177
        ],
        [
            "Node_3",
            "Node_5",
            1000.0,
            49.9924818907428
        ],
        [
            "Node_4",
            "Node_6",
            1000.0,
            27.671777324583267
        ]
    ],
    "demand": [
        0,
        10.0,
        0,
        0,
        -10.0,
        0,
        0
    ],
    "pressure_min": [
        2.4684362299036096,
        5.818326529532255,
        7.891896659715956,
        2.9740074664351837,
        1.600337961370329,
        9.990942438002566,
        9.691686573062096
    ],
    "pressure_max": [
        2.7920898010663415,
        11.48678884345485,
        17.037840976475486,
        8.857426338423595,
        1.866645586881794,
        10.537165655466385,
        11.758034571784549
    ]
}
