{
    "budget": [
        1000000.0,
        1000000.0,
        1000000.0
    ],
    "costs": [
        [
            1.0,
            1.0,
            1.0
        ],
        [
            1.0,
            1.0,
            1.0
        ],
        [
            1.0,
            1.0,
            1.0
        ],
        [
            1.0,
            1.0,
            1.0
        ],
        [
            1.0,
            1.0,
            1.0
        ]
    ],
    "benefits": [
        [
            871602.710293982,
            4014317.337498227,
            5415762.622924576
        ],
        [
            1468994.9527006254,
            1885657.3706248212,
            9220752.363079576
        ],
        [
            451253.0200556683,
            4835613.407708048,
            8518123.282780644
        ],
        [
            5846369.488988469,
            5729946.566383395,
            8525489.383762743
        ],
        [
            7010926.767500254,
            1742978.0793445823,
            1616191.874257925
        ]
    ],
    "regulatory_limits": [
        [
            1000000.0,
            1000000.0,
            1000000.0
        ],
        [
            1000000.0,
            1000000.0,
            1000000.0
        ],
        [
            1000000.0,
            1000000.0,
            1000000.0
        ],
        [
            1000000.0,
            1000000.0,
            1000000.0
        ],
        [
            1000000.0,
            1000000.0,
            1000000.0
        ]
    ],
    "resource_limits": [
        [
            [
                1000000.0,
                1000000.0
            ],
            [
                1000000.0,
                1000000.0
            ],
            [
                1000000.0,
                1000000.0
            ]
        ],
        [
            [
                1000000.0,
                1000000.0
            ],
            [
                1000000.0,
                1000000.0
            ],
            [
                1000000.0,
                1000000.0
            ]
        ],
        [
            [
                1000000.0,
                1000000.0
            ],
            [
                1000000.0,
                1000000.0
            ],
            [
                1000000.0,
                1000000.0
            ]
        ],
        [
            [
                1000000.0,
                1000000.0
            ],
            [
                1000000.0,
                1000000.0
            ],
            [
                1000000.0,
                1000000.0
            ]
        ],
        [
            [
                1000000.0,
                1000000.0
            ],
            [
                1000000.0,
                1000000.0
            ],
            [
                1000000.0,
                1000000.0
            ]
        ]
    ],
    "resource_availability": [
        [
            1000000.0,
            1000000.0
        ],
        [
            1000000.0,
            1000000.0
        ],
        [
            1000000.0,
            1000000.0
        ]
    ],
    "num_periods": 3
}
