{
    "supply": [
        16.666666666666668,
        16.666666666666668,
        16.666666666666668,
        16.666666666666668,
        16.666666666666668,
        16.666666666666668
    ],
    "demand": [
        1.0,
        1.0,
        1.0,
        1.0,
        1.0,
        1.0,
        1.0,
        1.0,
        1.0
    ],
    "cost": [
        [
            2.0,
            2.0,
            2.0,
            2.0,
            2.0,
            2.0,
            2.0,
            2.0,
            2.0
        ],
        [
            2.0,
            2.0,
            2.0,
            2.0,
            2.0,
            2.0,
            2.0,
            2.0,
            2.0
        ],
        [
            2.0,
            2.0,
            2.0,
            2.0,
            2.0,
            2.0,
            2.0,
            2.0,
            2.0
        ],
        [
            2.0,
            2.0,
            2.0,
            2.0,
            2.0,
            2.0,
            2.0,
            2.0,
            2.0
        ],
        [
            2.0,
            2.0,
            2.0,
            2.0,
            2.0,
            2.0,
            2.0,
            2.0,
            2.0
        ],
        [
            2.0,
            2.0,
            2.0,
            2.0,
            2.0,
            2.0,
            2.0,
            2.0,
            2.0
        ]
    ],
    "emission_rate": [
        8.548681364794753,
        3.330206934990046,
        8.453240725575757,
        9.756941377780883,
        9.779575637478018,
        7.308435636818069
    ],
    "emission_limit": [
        1000000.0,
        1000000.0,
        1000000.0,
        1000000.0,
        1000000.0,
        1000000.0
    ]
}
