{
    "budget": 648634.9914049642,
    "costs": [
        7149.925767400983,
        3647.6601877490575,
        1284.8654938395841,
        9775.803105555717,
        6177.119553312096,
        5344.742594627613,
        7330.76539185607,
        7352.307737072763,
        2563.115371762523,
        6055.102142393354
    ],
    "benefits": [
        7612.327930308453,
        1875.4740765230365,
        1894.2571177477148,
        6529.129435832642,
        5000.253002448413,
        1283.0509467774782,
        982.1466873004889,
        9466.85668002961,
        5782.628606551834,
        9495.395914353396
    ],
    "availability": [
        393.57662921298146,
        413.49844520895033,
        699.4509047989807,
        147.12440832549993,
        349.8623837617017,
        104.90466690125629,
        361.6053824546697,
        710.1903218482232,
        880.2738866917341,
        504.6850053953166
    ],
    "interactions": [
        [
            0,
            192.72071672901885,
            407.41347721667,
            234.37380267447728,
            985.7796628084258,
            636.6772525813632,
            346.3229688794181,
            754.2972329488963,
            528.6286010234815,
            30.196754042120556
        ],
        [
            0,
            0,
            610.0978324584057,
            982.1900215860985,
            68.55473872932032,
            379.415511895235,
            176.82798066520397,
            963.9637586867618,
            533.8297572169653,
            14.61441579156411
        ],
        [
            0,
            0,
            0,
            390.90598488749,
            37.377022967023976,
            906.0935954183182,
            567.731055252907,
            860.7650378994296,
            956.1545842935817,
            196.59727461723185
        ],
        [
            0,
            0,
            0,
            0,
            624.6636729927312,
            189.96883802012988,
            226.19011868548856,
            351.7954826801726,
            873.3761240269935,
            913.4884835267399
        ],
        [
            0,
            0,
            0,
            0,
            0,
            603.721122223337,
            578.2451615866944,
            892.5223987273172,
            709.303890373657,
            880.8752250244005
        ],
        [
            0,
            0,
            0,
            0,
            0,
            0,
            185.71709127914482,
            157.3612566010494,
            820.8054947901918,
            40.0382504303886
        ],
        [
            0,
            0,
            0,
            0,
            0,
            0,
            0,
            48.38653844550329,
            542.2139487367212,
            958.4510560014173
        ],
        [
            0,
            0,
            0,
            0,
            0,
            0,
            0,
            0,
            941.296971209945,
            809.1327862807026
        ],
        [
            0,
            0,
            0,
            0,
            0,
            0,
            0,
            0,
            0,
            318.54869474233817
        ],
        [
            0,
            0,
            0,
            0,
            0,
            0,
            0,
            0,
            0,
            0
        ]
    ]
}