{
    "collection_points": [
        10.0,
        10.0,
        10.0,
        10.0,
        10.0
    ],
    "facilities": [
        26.666666666666668,
        26.666666666666668,
        26.666666666666668
    ],
    "transport_costs": [
        [
            -1.0,
            -1.0,
            -1.0
        ],
        [
            -1.0,
            -1.0,
            -1.0
        ],
        [
            -1.0,
            -1.0,
            -1.0
        ],
        [
            -1.0,
            -1.0,
            -1.0
        ],
        [
            -1.0,
            -1.0,
            -1.0
        ]
    ],
    "pickup_time_windows": [
        [
            0.0,
            100.0
        ],
        [
            0.0,
            100.0
        ],
        [
            0.0,
            100.0
        ],
        [
            0.0,
            100.0
        ],
        [
            0.0,
            100.0
        ]
    ],
    "delivery_time_windows": [
        [
            0.0,
            100.0
        ],
        [
            0.0,
            100.0
        ],
        [
            0.0,
            100.0
        ]
    ],
    "transport_times": [
        [
            1.0,
            1.0,
            1.0
        ],
        [
            1.0,
            1.0,
            1.0
        ],
        [
            1.0,
            1.0,
            1.0
        ],
        [
            1.0,
            1.0,
            1.0
        ],
        [
            1.0,
            1.0,
            1.0
        ]
    ]
}
