{
    "costs": [
        91.79409994666833,
        32.432124873351974,
        56.17668951126331,
        94.91155485231138,
        12.72034178100069,
        32.44216132993048,
        88.08417404001027,
        72.98087379275896,
        76.7780662443493,
        88.13305811074902
    ],
    "availability": [
        472.636139877711,
        470.12658695141437,
        498.7040383446868,
        940.3916719520737,
        904.7170838204224,
        939.9250273742202,
        346.4165481683712,
        801.1970964755135,
        196.09428955906097,
        266.27184691711057
    ],
    "requirements": [
        [
            7.648230088956358,
            6.158617816923338,
            2.741939868744348,
            5.713726620095848,
            2.3860223524568287,
            2.3986070892664233,
            6.905041063265774,
            3.6566872118920584,
            6.912598718853889,
            4.818361978437435
        ],
        [
            5.073013415759567,
            6.08664642006724,
            7.148989366968934,
            3.8021980711919596,
            8.536081381409293,
            4.965311410956714,
            1.4613759511819857,
            2.013272311837251,
            0.41907257694775335,
            7.668934655869522
        ],
        [
            0.24864117847239453,
            2.7716011561971947,
            4.189135819698025,
            7.449429950462705,
            9.88360983288327,
            7.601988238283729,
            0.7547496099254046,
            9.278321741160159,
            9.857713631905044,
            8.684577126122173
        ],
        [
            4.95043469525755,
            3.316466705360052,
            4.62969480147295,
            2.543160024529705,
            4.108181005601031,
            0.5140801229961698,
            7.37978462100664,
            3.865704270675697,
            3.197685164973825,
            6.1538982592335145
        ],
        [
            7.450431761608653,
            5.9786774337886115,
            5.2997822638586065,
            8.770251421412187,
            7.890506636956844,
            5.254426003115112,
            4.570934966380254,
            8.287400006427564,
            0.519917568490068,
            9.958780078088077
        ],
        [
            5.235156260616366,
            4.016550846695328,
            7.378183807347647,
            5.621239403152753,
            5.209654162638505,
            6.343420675617931,
            0.5880249468946328,
            2.982675686117883,
            4.040594925400137,
            3.115086063440162
        ],
        [
            8.293447975296932,
            4.667336923243234,
            4.28237560625937,
            6.170029364514535,
            0.6400120014737118,
            5.217999537634767,
            1.5081722258734072,
            8.315945693823732,
            4.571811069513588,
            7.254203235779047
        ]
    ],
    "min_dosage": [
        14.5268634497438,
        41.14924567504159,
        47.51369830796958,
        37.84456567359182,
        15.412266967614503,
        26.542372203904666,
        28.035434193882974
    ],
    "max_dosage": [
        58.94392894718078,
        79.5157737644827,
        85.63171956531514,
        60.096600235457885,
        72.73416038236755,
        62.504114703861916,
        84.58587141654507
    ],
    "interaction_matrix": [
        [
            0,
            0.9071624630054067,
            0.7964862224757225,
            0.718374719718563,
            0.12354421683543348,
            0.11416493882407774,
            0.4493984180247218,
            0.36294338915725455,
            0.5238173060661488,
            0.3840873742615717
        ],
        [
            0.7910665942370252,
            0,
            0.5116664514845053,
            0.9497538891427194,
            0.37867863141257974,
            0.38060700926114677,
            0.7682603237843884,
            0.9122527788221324,
            0.5654915785141691,
            0.6595303406020439
        ],
        [
            0.15008973451051177,
            0.8688185374782038,
            0,
            0.17886676467326867,
            0.7120474878796226,
            0.4195816912357673,
            0.3095183054369818,
            0.7686304223609426,
            0.4462582341490725,
            0.6264528496615293
        ],
        [
            0.11755397840247983,
            0.13157103181208574,
            0.2028517052794463,
            0,
            0.6225603279873416,
            0.25311097511803926,
            0.45864265782853664,
            0.8554110564190316,
            0.5435011596043002,
            0.005750548899053909
        ],
        [
            0.8827029205371946,
            0.23787835401947677,
            0.5888623271843092,
            0.4757119898031539,
            0,
            0.41015136571135635,
            0.07940491736841615,
            0.6001021042955892,
            0.24471317143863336,
            0.5473416095831464
        ],
        [
            0.6197660388695853,
            0.5575486482688887,
            0.8252525047036826,
            0.04891879994302972,
            0.14825616817969034,
            0,
            0.6532768782155203,
            0.03672105182241203,
            0.8538292872341877,
            0.6669965429461949
        ],
        [
            0.838014435792606,
            0.29844154664211775,
            0.9203846982695362,
            0.049031362748799046,
            0.4169569238553582,
            0.1782483917574228,
            0,
            0.672090495261405,
            0.611089756048654,
            0.6915136180806667
        ],
        [
            0.5949689863047196,
            0.7873075795335859,
            0.17741926734367952,
            0.4553378280202657,
            0.5789662924422967,
            0.9314798193860057,
            0.09312628782176957,
            0,
            0.2992944815965134,
            0.3685694254750741
        ],
        [
            0.3789393515904601,
            0.06766667782099534,
            0.42732383939109464,
            0.5504710828134854,
            0.29283271335673955,
            0.13454578907805104,
            0.694619438494801,
            0.2744185427517334,
            0,
            0.5270527334046208
        ],
        [
            0.5246462092537088,
            0.6958294973451716,
            0.6120537449284239,
            0.10930223443632625,
            0.7297285197626795,
            0.6289785990785555,
            0.9871892637585828,
            0.483662983209447,
            0.6886542782543451,
            0
        ]
    ],