{
    "npv": [
        758436.2654659229,
        516838.89557205606,
        557223.3847414552,
        28070.179174759985,
        696873.1112501562
    ],
    "cost": [
        1.0,
        1.0,
        1.0,
        1.0,
        1.0
    ],
    "budget": 1000000.0,
    "dependencies": [
        [
            0,
            0,
            0,
            0,
            0
        ],
        [
            0,
            0,
            0,
            0,
            0
        ],
        [
            0,
            0,
            0,
            0,
            0
        ],
        [
            0,
            0,
            0,
            0,
            0
        ],
        [
            0,
            0,
            0,
            0,
            0
        ]
    ],
    "risk": [
        1.0,
        1.0,
        1.0,
        1.0,
        1.0
    ],
    "risk_threshold": 1000000.0
}
