{
    "staff_requirements": [
        [
            1.0,
            1.0,
            1.0
        ],
        [
            1.0,
            1.0,
            1.0
        ],
        [
            1.0,
            1.0,
            1.0
        ],
        [
            1.0,
            1.0,
            1.0
        ],
        [
            1.0,
            1.0,
            1.0
        ],
        [
            1.0,
            1.0,
            1.0
        ],
        [
            1.0,
            1.0,
            1.0
        ],
        [
            1.0,
            1.0,
            1.0
        ],
        [
            1.0,
            1.0,
            1.0
        ],
        [
            1.0,
            1.0,
            1.0
        ]
    ],
    "shift_lengths": [
        2.152233495475505,
        6.316061302365626,
        4.54316572299674
    ],
    "staff_availability": [
        100.0,
        100.0,
        100.0
    ],
    "staff_costs": [
        [
            116.94786620298095,
            179.60627835139107,
            198.46655642417326
        ],
        [
            70.8347569982554,
            121.55149929820776,
            141.20589795169832
        ],
        [
            135.83540343660007,
            185.84871698137377,
            96.81475077279123
        ],
        [
            77.68053893610568,
            79.53356055473769,
            190.7830593049651
        ],
        [
            126.91153812668914,
            164.68393409384188,
            165.87801363394715
        ],
        [
            116.94786620298095,
            179.60627835139107,
            198.46655642417326
        ],
        [
            70.8347569982554,
            121.55149929820776,
            141.20589795169832
        ],
        [
            135.83540343660007,
            185.84871698137377,
            96.81475077279123
        ],
        [
            77.68053893610568,
            79.53356055473769,
            190.7830593049651
        ],
        [
            126.91153812668914,
            164.68393409384188,
            165.87801363394715
        ]
    ]
}
