{
    "num_staff": 9,
    "num_shifts": 4,
    "shift_durations": [
        1.646101099309063,
        7.375032475642006,
        6.962507885124708,
        6.7069985769377425
    ],
    "availability": [
        [
            2.0096083601360855,
            6.375055582348674,
            5.115342997803981,
            7.946988049743688
        ],
        [
            0.04895429375725602,
            7.235498009886077,
            4.2948035606750254,
            0.8667828127494648
        ],
        [
            4.710479409472368,
            7.85582818961626,
            3.849602860866013,
            3.9562737340710736
        ],
        [
            4.4706349449069585,
            1.567070476688075,
            0.6330571277671542,
            4.622716581554674
        ],
        [
            7.059828397141014,
            2.8669193651728824,
            7.445801662540046,
            7.178122998095748
        ],
        [
            7.447882938499093,
            2.1855769423315143,
            1.0792801376709944,
            5.746226573499958
        ],
        [
            6.340226546712054,
            6.8219343521660525,
            5.108752418278991,
            3.3999053881251626
        ],
        [
            1.1781979638604438,
            0.887261803121671,
            1.3169911535663132,
            1.6311275678135084
        ],
        [
            2.0098281639103623,
            5.883326098902353,
            7.0759835528565524,
            2.7372025983319244
        ]
    ],
    "room_cleaning_time": 1.145125575502059,
    "num_rooms": 95,
    "max_hours_per_staff": [
        34.5899245717927,
        37.327967547261565,
        30.645798898949277,
        29.224085443333927,
        27.00708821024044,
        36.38001972966761,
        23.376072551085915,
        39.66802139054643,
        38.959759997435825
    ]
}