{
    "projects": [
        "Project_0",
        "Project_1",
        "Project_2",
        "Project_3",
        "Project_4"
    ],
    "costs": [
        1408.7562634398,
        4557.3705647887,
        6393.9246125001,
        1069.1837730989,
        3712.7742581659
    ],
    "returns": [
        8168.5096883047,
        7058.5220788599,
        8832.7925603219,
        9921.8353390676,
        5115.9485985397
    ],
    "budget": 20562.2460975694,
    "capacity": [
        162.0521185145,
        76.3542202814,
        107.0311168573,
        155.5506895074,
        125.0393519834
    ],
    "max_capacity": [
        266.670840484,
        261.2400373134,
        114.4150993184,
        272.3528724045,
        108.4604523126
    ],
    "storage_projects": [
        0,
        1,
        1,
        1,
        1
    ],
    "min_storage_investment": 7895.1520558576
}