{
    "land_available": 5546.6812684990055,
    "crop_yields": [
        10.545716349771348,
        80.66047637602608,
        72.36716062274093,
        48.07241391527928,
        35.00400064659705,
        84.24991779568693,
        18.437768165178937
    ],
    "crop_profits": [
        608.0718479823421,
        674.1603419945382,
        417.7603937928351,
        236.34468506555305,
        567.6684261214061,
        398.7607474331104,
        293.36289373776054
    ],
    "water_usage": [
        358.1309938156717,
        382.86137529603013,
        278.2742368760549,
        11.159335534902675,
        467.1539387151598,
        137.92322326313126,
        151.70382269374505
    ],
    "water_available": 7705.015844946525
}