{
    "facility_costs": [
        63666.8042365672,
        88037.37615568457,
        12338.083230970838
    ],
    "operating_costs": [
        1199.2695118826334,
        8390.561419431197,
        2017.995125376434
    ],
    "demand": [
        1.0,
        1.0,
        1.0,
        1.0
    ],
    "capacity": [
        1000000.0,
        1000000.0,
        1000000.0
    ],
    "transport_costs": [
        [
            39.27626632674669,
            81.89809404861043,
            58.75216038365059,
            69.77408836070396
        ],
        [
            60.21409099303838,
            28.584692379243617,
            15.290270200106516,
            30.11745398081844
        ],
        [
            95.15874631650307,
            70.66060739321944,
            44.109250178960835,
            85.88607768215486
        ]
    ],
    "energy_consumption": [
        8.398811577783434,
        7.306714791524798,
        3.532410264339027
    ],
    "max_energy_per_facility": [
        1000000.0,
        1000000.0,
        1000000.0
    ],
    "total_energy_budget": 1000000.0
}
