{
    "nurses": [
        "nurse_1",
        "nurse_2",
        "nurse_3",
        "nurse_4",
        "nurse_5",
        "nurse_6",
        "nurse_7",
        "nurse_8",
        "nurse_9",
        "nurse_10"
    ],
    "shifts": [
        "shift_1",
        "shift_2",
        "shift_3",
        "shift_4",
        "shift_5",
        "shift_6",
        "shift_7",
        "shift_8",
        "shift_9",
        "shift_1"
    ],
    "shift_requirements": [
        1,
        1,
        1,
        1,
        1,
        1,
        1,
        1,
        1,
        1
    ],
    "max_hours": [
        1000000.0,
        1000000.0,
        1000000.0,
        1000000.0,
        1000000.0,
        1000000.0,
        1000000.0,
        1000000.0,
        1000000.0,
        1000000.0
    ],
    "shift_hours": [
        4.87,
        9.93,
        9.61,
        11.67,
        5.6,
        6.24,
        7.4,
        5.6,
        6.73,
        4.87
    ],
    "preferences": [
        [
            1.32,
            3.29,
            4.05,
            3.02,
            9.35,
            3.79,
            10.5,
            5.9,
            10.3,
            1.32
        ],
        [
            9.42,
            4.59,
            3.8,
            1.75,
            6.66,
            3.04,
            9.6,
            3.59,
            3.8,
            9.42
        ],
        [
            4.63,
            2.46,
            5.18,
            4.7,
            10.56,
            1.6400000000000001,
            3.17,
            10.08,
            9.78,
            4.63
        ],
        [
            9.69,
            3.91,
            3.2,
            9.24,
            10.43,
            9.24,
            3.74,
            3.42,
            4.6,
            9.69
        ],
        [
            10.93,
            1.03,
            4.640000000000001,
            7.87,
            7.21,
            8.67,
            6.83,
            4.88,
            10.36,
            10.93
        ],
        [
            1.06,
            3.97,
            2.55,
            7.92,
            9.97,
            8.29,
            2.71,
            10.83,
            9.74,
            1.06
        ],
        [
            10.64,
            9.29,
            8.71,
            9.69,
            7.82,
            9.17,
            1.01,
            2.33,
            8.33,
            10.64
        ],
        [
            7.07,
            3.67,
            8.559999999999999,
            9.31,
            7.96,
            5.81,
            8.59,
            10.52,
            8.940000000000001,
            7.07
        ],
        [
            7.03,
            1.8599999999999999,
            7.75,
            7.4,
            3.04,
            5.77,
            10.24,
            2.31,
            8.11,
            7.03
        ],
        [
            10.04,
            3.65,
            9.82,
            9.79,
            8.0,
            1.51,
            3.43,
            7.51,
            5.38,
            10.04
        ]
    ]
}
