{
    "facility_costs": [
        35578.07193831535,
        11001.430208906677,
        21002.17273476477
    ],
    "operating_costs": [
        15151.492311343669,
        18383.693515572682,
        6305.082489441243
    ],
    "demand": [
        1.0,
        1.0,
        1.0,
        1.0
    ],
    "capacity": [
        [
            1000000.0,
            1000000.0
        ],
        [
            1000000.0,
            1000000.0
        ],
        [
            1000000.0,
            1000000.0
        ]
    ],
    "transport_costs": [
        [
            56.652022496049476,
            84.11106176104649,
            63.23345548406036,
            87.30898313076695
        ],
        [
            25.04629774974199,
            11.999141511563183,
            29.51938670789912,
            64.93275998217561
        ],
        [
            62.30396956103183,
            18.942726171611604,
            74.18355299708458,
            18.17684688243091
        ]
    ],
    "service_levels": [
        1.0,
        1.0
    ],
    "time_periods": 2
}
