{
    "budget": 486189.492495231,
    "costs": [
        34307.4156748661,
        82737.929692608,
        58435.561580343,
        53514.7753494877,
        49201.7043703505
    ],
    "benefits": [
        37896.1796437305,
        17077.7992122151,
        43327.0922008699,
        42382.8958500772,
        8899.8304125053
    ],
    "regulatory_requirements": [
        1,
        0,
        1,
        1,
        1
    ]
}