{
    "reservoirs": [
        8427.126405939689,
        1255.3613910898985,
        1409.1562296220777,
        6773.083604419241,
        6190.941083296411,
        6860.169797370399,
        7902.6310082468,
        4749.281052969216,
        6750.920729879834
    ],
    "fields": [
        2741.171270612522,
        3322.2380463413797,
        1803.522455607226,
        4804.9257647948225,
        2673.2516817893875
    ],
    "costs": [
        [
            80.66412726735757,
            68.81409327837198,
            30.44595327154449,
            8.224329525029233,
            6.93139026053223
        ],
        [
            44.520944492120684,
            48.94086188062856,
            21.19827834277647,
            61.059366019243,
            31.94566742544637
        ],
        [
            72.11792562613131,
            73.68577572565013,
            86.21695920967821,
            97.56203866357313,
            13.945849003686261
        ],
        [
            37.683479606978835,
            56.60347035908855,
            32.59247275391257,
            47.18078413702301,
            27.479695770964057
        ],
        [
            25.543969370029014,
            10.584353603496574,
            29.73098849202025,
            39.030833516658994,
            61.9223669722329
        ],
        [
            25.578757757737474,
            86.66544267035106,
            16.810266550885935,
            33.416146259318296,
            58.191016751466044
        ],
        [
            31.95877716536503,
            76.54901613872423,
            50.32828866393097,
            51.95775908391696,
            50.37721113136776
        ],
        [
            31.5455077233885,
            3.294453523418752,
            94.57804760285448,
            51.03900183935338,
            96.70197642469506
        ],
        [
            22.29929783009787,
            35.93661379677918,
            6.003500058161297,
            49.994526148992456,
            88.3516081604519
        ]
    ],
    "quality": [
        0.6888340332006554,
        0.5235281680313761,
        0.5830216743600344,
        0.862455128854121,
        0.4878349924127865,
        0.8942101578267335,
        0.7547572570234526,
        0.7874710877457906,
        0.4293436172658067
    ],
    "min_quality": [
        0.46052345891328095,
        0.6132534794929264,
        0.2751897716989472,
        0.5979006339590366,
        0.16617857476855763
    ]
}