{
    "supply": [
        11.11111111111111,
        11.11111111111111,
        11.11111111111111,
        11.11111111111111,
        11.11111111111111,
        11.11111111111111,
        11.11111111111111,
        11.11111111111111,
        11.11111111111111
    ],
    "demand": [
        1.0,
        1.0,
        1.0
    ],
    "cost": [
        [
            2.0,
            2.0,
            2.0
        ],
        [
            2.0,
            2.0,
            2.0
        ],
        [
            2.0,
            2.0,
            2.0
        ],
        [
            2.0,
            2.0,
            2.0
        ],
        [
            2.0,
            2.0,
            2.0
        ],
        [
            2.0,
            2.0,
            2.0
        ],
        [
            2.0,
            2.0,
            2.0
        ],
        [
            2.0,
            2.0,
            2.0
        ],
        [
            2.0,
            2.0,
            2.0
        ]
    ],
    "emission_rate": [
        [
            8.574384251381336,
            10.039344343030095,
            8.574384251381336
        ],
        [
            11.716369581408408,
            8.354877852514328,
            11.716369581408408
        ],
        [
            8.106348178908089,
            9.659610631688933,
            8.106348178908089
        ],
        [
            5.44937620053399,
            9.426796946022996,
            5.44937620053399
        ],
        [
            8.574384251381336,
            10.039344343030095,
            8.574384251381336
        ],
        [
            11.716369581408408,
            8.354877852514328,
            11.716369581408408
        ],
        [
            8.106348178908089,
            9.659610631688933,
            8.106348178908089
        ],
        [
            5.44937620053399,
            9.426796946022996,
            5.44937620053399
        ],
        [
            8.574384251381336,
            10.039344343030095,
            8.574384251381336
        ]
    ],
    "emission_limit": 1000000.0
}
