{
    "budget": 3539.1388778163,
    "costs": [
        542.5532219719,
        182.1181656644,
        413.1649506652,
        399.9775542986,
        703.1201585691
    ],
    "benefits": [
        871.9597849603,
        396.8232972211,
        724.3063065851,
        359.3960158253,
        950.6741856069
    ],
    "regulatory_requirements": [
        0,
        1,
        0,
        1,
        1
    ],
    "risks": [
        0.358619029,
        0.8761477814,
        0.4233400456,
        0.5116770019,
        0.8904953718
    ],
    "risk_threshold": 2.315320773
}