{
    "projects": [
        "Project_0",
        "Project_1",
        "Project_2",
        "Project_3",
        "Project_4"
    ],
    "costs": [
        99.8600887538,
        84.8825557736,
        43.2010883087,
        11.6882211382,
        71.5277301748
    ],
    "returns": [
        44.9126706069,
        90.0274097472,
        32.8890701549,
        15.6850487404,
        13.4929672422
    ],
    "budget": 314.037159669,
    "capacity": [
        58.9511041663,
        71.5031268462,
        38.709535483,
        60.1417936647,
        30.194876849
    ],
    "max_capacity": [
        51.0495563741,
        43.5897332565,
        79.5165132171,
        12.3269931706,
        65.8165827948
    ]
}