{
    "panel_width": 1695.6747145134727,
    "panel_height": 2806.903728645726,
    "small_pieces": [
        [
            29.51008179962975,
            304.5489704042199,
            4.8405844195713925
        ],
        [
            346.5356053847829,
            484.5967372530212,
            1.6913858562119874
        ],
        [
            246.25163419739343,
            132.0309034197727,
            4.485733106595731
        ],
        [
            374.8200788746275,
            330.3970524195647,
            2.589684448779851
        ],
        [
            194.59260852261323,
            158.11554751926747,
            3.0108038415061946
        ],
        [
            434.127138217436,
            295.94920988614723,
            5.440159395773653
        ],
        [
            359.77569481645924,
            406.1250699563489,
            9.532370263374572
        ],
        [
            66.88387386317166,
            90.57230679847747,
            2.1879910578072628
        ],
        [
            489.6104987253956,
            306.5509263855045,
            1.2131038154875902
        ],
        [
            253.1113738542129,
            399.2253026550366,
            4.869761147982168
        ]
    ],
    "max_waste": 737.5679259945281
}