{
    "land_available": 6414.940489508282,
    "crop_yields": [
        29.492847205165475,
        16.948701703496138,
        55.16521238128451,
        32.437802229930455,
        12.025214223500484,
        7.44800334857771,
        52.286684124865396,
        2.7287193033101786,
        72.32776377962237,
        72.68385689219278
    ],
    "crop_profits": [
        328.43969707689007,
        48.0457210693628,
        902.5044161286553,
        687.4734409997266,
        15.842591653773546,
        13.386743643019642,
        67.83336695707585,
        393.651997678045,
        571.2852297607486,
        858.4329823573893
    ],
    "water_usage": [
        76.45544876307527,
        4.484326852859825,
        55.01267080991325,
        2.959542522113017,
        82.57584218062709,
        48.16639576691301,
        57.57769533868301,
        39.21942014220637,
        68.87538861475035,
        39.28994660465008
    ],
    "water_available": 9192.169723902827,
    "nutrient_usage": [
        24.529235784748458,
        49.56567158287943,
        25.75418912745623,
        98.03297934539445,
        64.03305956753674,
        48.43377920257468,
        89.95909849673995,
        45.968096525289205,
        88.06498681495621,
        23.16014370543012
    ],
    "nutrient_available": 3581.771595283142,
    "environmental_impact": [
        73.36687495753885,
        96.34092916376613,
        39.456725961826045,
        26.463884460269,
        16.871348235307114,
        74.26055195236783,
        43.74192211582956,
        30.685908557879873,
        5.212933969000532,
        41.62677359102589
    ]
}