{
    "costs": [
        74.94219174175196,
        16.221703144546908,
        46.46329829074413,
        33.839822171261495,
        9.664568895485662,
        6.372539018252662,
        79.62726391061314,
        56.25033632646327,
        57.92126713201636,
        23.536917859224012
    ],
    "nutritional_requirements": [
        33.278316309205806,
        44.92293432802937,
        66.71955381632091
    ],
    "nutritional_content": [
        [
            4.386947842928782,
            0.26722058621099865,
            6.7656574500443565
        ],
        [
            5.3948602636039205,
            6.450085190168233,
            6.221658653214961
        ],
        [
            7.584009907282256,
            5.8975193318025525,
            7.03873211069172
        ],
        [
            0.8186355035098734,
            9.287672726646704,
            1.1507418645127283
        ],
        [
            7.890229786859442,
            3.083372027464224,
            0.9564016922341478
        ],
        [
            7.676214986102578,
            4.432993879735427,
            4.0116212564633145
        ],
        [
            6.6411593325816805,
            4.792478005942719,
            5.381330861722459
        ],
        [
            1.4501764572625133,
            3.9708263977470044,
            7.995097667051311
        ],
        [
            5.502672239544143,
            9.605329224296302,
            1.526347820838983
        ],
        [
            6.805161550500119,
            9.150272272207717,
            7.970669510101346
        ]
    ],
    "available_amounts": [
        378.1960594771301,
        217.9087317051458,
        477.2592965887307,
        299.0858844939255,
        299.7813855381179,
        105.45582152007455,
        52.2634275833023,
        318.4946993539986,
        291.7184218495074,
        476.14072515299233
    ],
    "color_requirements": {
        "min": 15.234557617475419,
        "max": 87.41482933663967
    },
    "color_content": [
        9.03546375974546,
        3.438516498486469,
        4.126544960262479,
        6.459315035600874,
        5.12552694547587,
        1.6095435756439502,
        2.2078796935740796,
        8.34748366868062,
        1.9432621534632544,
        1.8135798477365006
    ],
    "viscosity_requirements": {
        "min": 39.98300268027657,
        "max": 92.61255638837378
    },
    "viscosity_content": [
        8.513877224254742,
        9.323698654031485,
        9.943130504254334,
        4.612652036895939,
        5.496646096791667,
        2.9065266752008534,
        0.6736275740480135,
        0.9820240138037195,
        7.255892573341402,
        4.871904101337485
    ]
}