{
    "flow_rates": [
        127765.52678610427,
        143944.77337737288,
        271678.79783782194,
        450968.71187999315,
        240014.50516396403,
        175374.38703274308,
        691981.8960918753,
        596675.6987483833,
        717481.5568356793,
        612437.7678509635
    ],
    "costs": [
        8893.317245367509,
        82665.71146234903,
        30189.856683839636,
        41936.7084239166,
        55815.269306602604,
        19271.09590127342,
        98661.69212361336,
        97681.46879269791,
        61930.2018937017,
        86286.83290359908
    ],
    "capacities": [
        9867953.40576642,
        5080332.158510152,
        4647517.910641503,
        6268377.809201764,
        2089005.9416853008,
        540159.5025155891,
        1135664.4324076436,
        1500681.9956420732,
        8439379.128411803,
        9115728.873084368
    ],
    "quality_standards": 49801732.29660652,
    "energy_consumption": [
        1605.9983393901944,
        9227.503664200938,
        549.7358671736697,
        3648.288760094304,
        2103.8016306040413,
        2521.3039793789626,
        6172.0253110936665,
        8901.895137552143,
        4536.944801082773,
        1053.1667847690335
    ],
    "max_energy_usage": 534041.2296307446,
    "environmental_impact": [
        537.8232790508249,
        158.88756506671405,
        30.03615993690737,
        515.3888138901369,
        71.78863899546926,
        236.06453121216353,
        445.3760718637254,
        580.182014000761,
        419.6472078826475,
        747.3396667702175
    ],
    "max_environmental_impact": 898474.3841242736
}