{
    "staff_requirements": [
        [
            1.0,
            1.0,
            1.0,
            1.0,
            1.0,
            1.0,
            1.0,
            1.0
        ],
        [
            1.0,
            1.0,
            1.0,
            1.0,
            1.0,
            1.0,
            1.0,
            1.0
        ],
        [
            1.0,
            1.0,
            1.0,
            1.0,
            1.0,
            1.0,
            1.0,
            1.0
        ],
        [
            1.0,
            1.0,
            1.0,
            1.0,
            1.0,
            1.0,
            1.0,
            1.0
        ],
        [
            1.0,
            1.0,
            1.0,
            1.0,
            1.0,
            1.0,
            1.0,
            1.0
        ]
    ],
    "shift_lengths": [
        3.787173397879143,
        2.103189075671615,
        5.908082469525388,
        6.694246212649583,
        3.4099498261268186,
        2.0270982404572377,
        2.7808836711133793,
        3.040492866855393
    ],
    "staff_availability": [
        100.0,
        100.0,
        100.0,
        100.0,
        100.0,
        100.0,
        100.0,
        100.0
    ],
    "staff_costs": [
        [
            84.93955442146445,
            59.663244426935755,
            27.96325526838227,
            68.69818387044118,
            50.059992355058135,
            88.44668304261546,
            49.80202590156388,
            22.002227641028192
        ],
        [
            42.90899556799159,
            59.6513356340489,
            21.82431490465379,
            12.329447342328473,
            49.99299171022551,
            16.394501364585622,
            47.7997441868765,
            57.59309194028183
        ],
        [
            42.400312521282295,
            63.31314273860827,
            12.434791418989075,
            57.707732965825514,
            41.24638807001773,
            50.73636427830128,
            31.92994687294717,
            13.447640098902466
        ],
        [
            86.21212749855752,
            69.45785936236189,
            21.07739670077395,
            74.34276174668177,
            55.816689483399244,
            66.053906382227,
            80.92223304926425,
            21.9096774203894
        ],
        [
            88.68442651627572,
            42.76478943463563,
            50.20611169249061,
            89.70321028909962,
            42.8447395971512,
            34.16093321483171,
            49.61410806898802,
            63.376798279708325
        ]
    ],
    "min_break_time": 0.0
}
