{
    "land_available": 73890518.0195014,
    "crop_yields": [
        20440.46252129966,
        20753.020447920397,
        64078.07206392588,
        1657.7116811190856,
        92216.42522223834,
        20682.38092319695,
        68970.01307399175,
        92438.7923852736,
        573.4045829559811,
        24114.699765246052
    ],
    "crop_profits": [
        81382.41099814307,
        83147.27345065768,
        98441.75630053929,
        98709.84088296133,
        82674.56390868383,
        37241.19936798968,
        83794.95234828947,
        4571.202941069793,
        14252.774997914496,
        24692.698975758234
    ],
    "water_usage": [
        66886.42727727226,
        88206.28451127977,
        42341.77597143897,
        57096.91933651436,
        86387.96356036195,
        62656.42209606581,
        20567.14045951702,
        87880.23651218638,
        73689.69347910765,
        27334.23216625615
    ],
    "water_available": 690590975.8524386,
    "nutrient_usage": [
        41647.14820215953,
        41422.621387060455,
        27880.859678828416,
        90117.47283511386,
        81690.79168248632,
        48872.827495017686,
        60052.949714227965,
        62691.05600925581,
        39607.30052721317,
        69630.57646107634
    ],
    "nutrient_available": 449679075.85024345,
    "environmental_impact": [
        66330.0067378654,
        22375.16168911295,
        63795.94580401927,
        11616.312326315712,
        90231.49235874329,
        48904.826860453046,
        18417.520296128656,
        32805.118626504656,
        94355.96214410129,
        25724.26643100521
    ]
}