{
    "costs": [
        66.96619048720373,
        69.20454737929752,
        69.4760368771485,
        6.197567318776038,
        43.382384943697595,
        83.5393106239639,
        27.28695417649553
    ],
    "availability": [
        705.9678629580426,
        550.2978323490195,
        303.8397542956375,
        179.02844839588656,
        980.085098846229,
        373.5438567958972,
        988.9249404337177
    ],
    "requirements": [
        [
            1.0190682279177208,
            2.615948411368476,
            3.10874048295999,
            4.306140333186286,
            5.150398509521591,
            8.882759730359538,
            8.820835601171055
        ],
        [
            1.1981224463284341,
            2.1929211545874097,
            2.0684402923934764,
            8.84791694634331,
            8.583851695972553,
            9.770045391537032,
            9.614916890038666
        ],
        [
            4.254838554489394,
            4.171572446101001,
            4.930102084084735,
            6.7549232912864525,
            8.681254695423853,
            9.684788051884633,
            4.769024420055836
        ],
        [
            1.699406533349371,
            2.7490185560176688,
            2.2128205023314473,
            7.623650398717087,
            9.686209230081639,
            9.314732423632739,
            9.155874445769557
        ],
        [
            1.66823609311682,
            2.9787273271473746,
            1.5335938030950866,
            4.686962398709127,
            4.860375534701351,
            5.221802613769383,
            6.7460187370572315
        ],
        [
            1.9792206759087443,
            2.2441657913195403,
            4.981833567955729,
            6.173521970587003,
            7.637538383665179,
            7.345416293784094,
            7.4676699850830035
        ],
        [
            0.2353760579499749,
            2.1656085680399686,
            4.598330570238324,
            4.475373097938792,
            6.239299090444429,
            6.956256670759564,
            7.317407370694243
        ]
    ],
    "min_dosage": [
        39.8361003358398,
        40.845366900694785,
        42.13746630519414,
        11.974720760640514,
        48.0317695841992,
        18.616276382974796,
        23.13484639484728
    ],
    "max_dosage": [
        60.8462390293186,
        78.64056634963755,
        80.7185611886121,
        80.68355714579211,
        89.42661030325971,
        59.758544127042555,
        60.78101980894539
    ]
}