{
    "npv": [
        58.7835566398,
        52.7554888377,
        93.5359195159,
        21.2216607429,
        71.9029882782
    ],
    "cost": [
        24.629909309,
        40.1827988323,
        67.497332073,
        30.6997109001,
        32.3015424309
    ],
    "budget": 377.172923745,
    "dependencies": [
        [
            0,
            0,
            1,
            0,
            0
        ],
        [
            0,
            0,
            0,
            1,
            0
        ],
        [
            0,
            1,
            0,
            0,
            1
        ],
        [
            1,
            0,
            1,
            0,
            0
        ],
        [
            1,
            0,
            0,
            0,
            0
        ]
    ]
}