{
    "staff_requirements": [
        [
            1.0,
            1.0,
            1.0,
            1.0,
            1.0
        ],
        [
            1.0,
            1.0,
            1.0,
            1.0,
            1.0
        ],
        [
            1.0,
            1.0,
            1.0,
            1.0,
            1.0
        ],
        [
            1.0,
            1.0,
            1.0,
            1.0,
            1.0
        ],
        [
            1.0,
            1.0,
            1.0,
            1.0,
            1.0
        ],
        [
            1.0,
            1.0,
            1.0,
            1.0,
            1.0
        ],
        [
            1.0,
            1.0,
            1.0,
            1.0,
            1.0
        ],
        [
            1.0,
            1.0,
            1.0,
            1.0,
            1.0
        ],
        [
            1.0,
            1.0,
            1.0,
            1.0,
            1.0
        ],
        [
            1.0,
            1.0,
            1.0,
            1.0,
            1.0
        ]
    ],
    "shift_lengths": [
        2.916547195677359,
        1.8359958343181384,
        5.746060125926336,
        10.809893724730447,
        10.328447220496903
    ],
    "staff_availability": [
        100.0,
        100.0,
        100.0,
        100.0,
        100.0
    ],
    "staff_costs": [
        [
            2.5814799686412977,
            82.4525360845288,
            57.573698874588594,
            80.31489718995647,
            61.27058678031851
        ],
        [
            88.45845505085698,
            17.246600217948235,
            57.68076711784013,
            63.26844986069417,
            50.490892754699054
        ],
        [
            81.64560851544269,
            35.502200353477136,
            57.77786670542715,
            9.097313683742222,
            20.920709998592507
        ],
        [
            96.84145236905368,
            56.01348710828683,
            30.17232523560332,
            44.88473773753449,
            70.49949064733268
        ],
        [
            28.1931523397994,
            10.020533317821364,
            90.30990373027257,
            66.20267071987386,
            13.686824630449943
        ],
        [
            50.33382363555269,
            82.00722624219648,
            66.21802492427139,
            47.26358653880924,
            15.021720762316328
        ],
        [
            25.734320645835975,
            40.41410394861371,
            90.84607495554523,
            73.430840008079,
            74.19318130611256
        ],
        [
            11.686169799165821,
            58.62711696680863,
            41.38370406613308,
            18.40380783051506,
            7.587720772503221
        ],
        [
            95.26519412443739,
            94.96738333859275,
            15.766409381915524,
            32.31018058414549,
            36.85872338763848
        ],
        [
            95.10094050897551,
            37.22203585486797,
            82.99338269681458,
            55.960573427896925,
            8.562293063797371
        ]
    ],
    "max_overtime": [
        1000000.0,
        1000000.0,
        1000000.0,
        1000000.0,
        1000000.0
    ]
}
