{
    "supply": [
        20.0,
        20.0,
        20.0,
        20.0,
        20.0
    ],
    "demand": [
        1.0,
        1.0,
        1.0,
        1.0,
        1.0,
        1.0,
        1.0,
        1.0,
        1.0
    ],
    "cost": [
        [
            2.0,
            2.0,
            2.0,
            2.0,
            2.0,
            2.0,
            2.0,
            2.0,
            2.0
        ],
        [
            2.0,
            2.0,
            2.0,
            2.0,
            2.0,
            2.0,
            2.0,
            2.0,
            2.0
        ],
        [
            2.0,
            2.0,
            2.0,
            2.0,
            2.0,
            2.0,
            2.0,
            2.0,
            2.0
        ],
        [
            2.0,
            2.0,
            2.0,
            2.0,
            2.0,
            2.0,
            2.0,
            2.0,
            2.0
        ],
        [
            2.0,
            2.0,
            2.0,
            2.0,
            2.0,
            2.0,
            2.0,
            2.0,
            2.0
        ]
    ],
    "loss": [
        [
            65.0066720287111,
            55.49399742381875,
            85.65738572692233,
            53.03249234044219,
            38.15681477851808,
            4.925974959214001,
            33.832833524248194,
            6.139410574996376,
            32.16239505349167
        ],
        [
            42.577551375296814,
            43.041906754483676,
            74.11038368053532,
            78.09903044048502,
            86.25671641568978,
            27.946275313819154,
            27.996780219324446,
            61.069568729723166,
            99.44326054078226
        ],
        [
            13.572735741362195,
            5.87908324604861,
            81.1159418580222,
            51.47915787734394,
            61.0260415358271,
            26.4953326142582,
            78.53958386203993,
            21.811205419469825,
            27.17933410108952
        ],
        [
            98.31829535873229,
            65.60503208090925,
            84.66693202297672,
            55.70787322273361,
            55.506816224140266,
            56.79729356864572,
            26.145508590543255,
            53.56428211157956,
            19.34817784320482
        ],
        [
            9.291256209463741,
            1.2332778014010533,
            50.82881173664884,
            6.2353387801925875,
            7.540994521094542,
            14.624674721333777,
            2.8845327524588154,
            71.46022926128136,
            75.78476224202888
        ]
    ]
}
