{
    "budget": 136882.56760957855,
    "costs": [
        443.43873696865165,
        6724.439731766415,
        4757.873331769343,
        2160.5556748820595,
        7657.0307500784065,
        5222.989970953288,
        1864.0779641021315,
        3419.4158180930513,
        9521.144117632382,
        7563.896818542017
    ],
    "benefits": [
        7136.969978569045,
        4669.173223529611,
        7839.0990186334675,
        3372.0147169058496,
        1336.7227049116248,
        5210.9028802372895,
        6432.1843147641275,
        8328.894684219951,
        7335.086573970146,
        2431.328021781533
    ],
    "availability": [
        17.831464690588092,
        40.79563488164446,
        44.119443742865236,
        96.6829755305854,
        21.36191989091153,
        95.20071390979274,
        97.46209216720725,
        62.633704636986856,
        99.2903066370499,
        60.94769218731932
    ]
}