{
    "num_staff": 10,
    "num_shifts": 5,
    "shift_durations": [
        7.14206853219955,
        6.96224027459515,
        6.2270094935116305,
        5.739632053117155,
        5.990013790442356
    ],
    "availability": [
        [
            0.4000187711044836,
            6.313423361528157,
            2.097046384920435,
            0.11484061599918416,
            6.3240237791176375
        ],
        [
            2.4859366604535342,
            3.388725451539658,
            2.913500159384566,
            6.050130393689636,
            2.719333919138786
        ],
        [
            7.139708878349316,
            4.56968119446166,
            6.260134694158514,
            2.4681712250712744,
            2.5514580586408275
        ],
        [
            1.7658614034824076,
            6.250075966502538,
            6.4421170120603275,
            0.231130684921232,
            1.046846642644204
        ],
        [
            6.8562986124891365,
            2.956237331514867,
            6.391439700391087,
            7.007085167244696,
            6.266232855964072
        ],
        [
            6.834305801006158,
            1.474602864409965,
            3.3498717747037006,
            5.604787366938021,
            0.433539218211096
        ],
        [
            3.171923079051018,
            2.672016656616357,
            4.865921160401313,
            1.8312169268937284,
            0.4295925503466185
        ],
        [
            5.558340426201546,
            5.402140404313543,
            1.2821131262526206,
            1.4939044188507964,
            1.3992632718179117
        ],
        [
            2.3528986085083448,
            7.7062317587159015,
            6.385535207505604,
            3.42545586611831,
            7.050833670995527
        ],
        [
            5.5515970383074364,
            3.791587430871502,
            3.209888764282259,
            6.1104712674620885,
            4.906185034950511
        ]
    ],
    "room_cleaning_time": 1.0852152708293747,
    "num_rooms": 23,
    "min_overlap": 1.158130156649314
}