{
    "raw_material_lengths": [
        1.0,
        1.0,
        1.0
    ],
    "raw_material_costs": [
        413.12712828107135,
        207.93648486327177,
        150.1892485710655
    ],
    "cut_lengths": [
        1.0,
        1.0,
        1.0,
        1.0,
        1.0
    ],
    "demand": [
        1,
        1,
        1,
        1,
        1
    ]
}
