{
    "nodes": [
        "Node_0",
        "Node_1",
        "Node_2",
        "Node_3",
        "Node_4",
        "Node_5"
    ],
    "edges": [
        [
            "Node_4",
            "Node_3"
        ],
        [
            "Node_0",
            "Node_2"
        ],
        [
            "Node_3",
            "Node_5"
        ],
        [
            "Node_5",
            "Node_4"
        ],
        [
            "Node_2",
            "Node_0"
        ],
        [
            "Node_3",
            "Node_4"
        ],
        [
            "Node_4",
            "Node_5"
        ],
        [
            "Node_3",
            "Node_1"
        ],
        [
            "Node_5",
            "Node_0"
        ],
        [
            "Node_4",
            "Node_0"
        ],
        [
            "Node_2",
            "Node_4"
        ],
        [
            "Node_5",
            "Node_3"
        ],
        [
            "Node_3",
            "Node_0"
        ],
        [
            "Node_5",
            "Node_2"
        ],
        [
            "Node_1",
            "Node_2"
        ],
        [
            "Node_5",
            "Node_1"
        ],
        [
            "Node_3",
            "Node_2"
        ],
        [
            "Node_4",
            "Node_1"
        ],
        [
            "Node_2",
            "Node_5"
        ],
        [
            "Node_2",
            "Node_3"
        ],
        [
            "Node_1",
            "Node_4"
        ],
        [
            "Node_0",
            "Node_5"
        ],
        [
            "Node_2",
            "Node_1"
        ],
        [
            "Node_0",
            "Node_4"
        ]
    ],
    "capacities": [
        23.185468235240606,
        26.524391959403598,
        34.69209718483458,
        36.16885668164503,
        5.620959477420104,
        87.89365106929252,
        27.48163232010194,
        15.966659005637514,
        69.32342265170716,
        52.02335683125747,
        67.2791031249617,
        70.93408681446151,
        92.73657774687189,
        44.344843939689554,
        46.25642834083782,
        84.31810043618582,
        11.982153650308518,
        11.483294080075522,
        61.4466818374092,
        78.43346951887274,
        94.79096590045792,
        82.53741257402908,
        5.154974283451341,
        11.435697291326397
    ],
    "latencies": [
        6.336268549924995,
        8.721607794115869,
        9.118759128303978,
        1.6546222188372743,
        2.9920175784142105,
        4.471027309771257,
        5.108376505479744,
        7.352263751759215,
        1.0830129655266383,
        6.506220412261749,
        3.412614500594822,
        1.4639473953659552,
        8.501091407974915,
        4.447173763062082,
        4.215923403317265,
        7.713428321966655,
        2.528629039709659,
        8.110537635455035,
        3.479068690828287,
        5.099725009467391,
        0.9438152308281856,
        3.787119938287716,
        7.572967603866646,
        3.6703697236736117
    ],
    "energies": [
        6.683453023656961,
        1.6009510238225901,
        7.559720993366373,
        4.275049872647492,
        2.3590018389086707,
        8.037509918550747,
        4.192753245595086,
        4.1521622619840945,
        4.641655332768122,
        8.53866574622644,
        7.966612729085732,
        3.681566259585533,
        0.39465297744817296,
        1.5412846283950163,
        0.1984922632909913,
        8.081843970133008,
        9.442064119047327,
        0.9393043238610468,
        3.2165652616049614,
        9.821254751432605,
        1.7268143489756844,
        0.7085364520053266,
        7.616004612052649,
        6.635744105524842
    ],
    "energy_threshold": 146.219863166234,
    "source": "Node_4",
    "sink": "Node_0"
}