{
    "costs": [
        75.75566281564643,
        55.11489853342289,
        60.73531075157551,
        77.83852776711089,
        96.46469248947705,
        30.12359445864466,
        18.565163950338054,
        68.58322631845198,
        19.510681571700044,
        18.20571805367521
    ],
    "nutritional_requirements": [
        56.24621674971165,
        43.947840434738104,
        48.56570329606608,
        60.093875853579966,
        21.705987710383503
    ],
    "nutritional_content": [
        [
            5.881461971070919,
            2.624659866510978,
            3.3725716085484643,
            7.125924033531509,
            1.6325764082030338
        ],
        [
            1.6216634973393347,
            3.2940372959458477,
            0.6034688678327451,
            9.33058046915479,
            6.194525893383367
        ],
        [
            6.652713088552897,
            4.956454317421398,
            5.769502206493807,
            3.64504732282102,
            7.861911340847964
        ],
        [
            3.246804153184676,
            2.277623952732819,
            1.9203040656000538,
            0.7749470441338162,
            5.1008894695175275
        ],
        [
            4.217719313327175,
            5.416655930085696,
            1.010260983996758,
            2.2898610029043827,
            2.2122027208433397
        ],
        [
            3.385646797549417,
            3.6718984641610537,
            2.262608329266696,
            7.551291326589717,
            5.351939066507564
        ],
        [
            9.966647717782953,
            8.254515169159502,
            9.813218656391435,
            0.18715659332087037,
            6.722490833144428
        ],
        [
            4.512105738218455,
            9.054514939028152,
            6.175640860901864,
            6.249203806473976,
            9.593078479131941
        ],
        [
            6.857258471608427,
            3.277276404020107,
            9.167731059956887,
            9.455377937275193,
            3.920171754362035
        ],
        [
            5.448349398131358,
            2.9000070433660348,
            9.12222567362332,
            8.238879735975665,
            3.8120846174035936
        ]
    ],
    "available_amounts": [
        411.26753187873226,
        250.5006039072731,
        69.73324740972578,
        454.226724007634,
        136.6305745701547,
        281.2526150573451,
        476.69531884178815,
        125.32766414607272,
        480.3242929130296,
        292.08867393391296
    ],
    "environmental_impact": [
        0.17257280354676674,
        0.7481710388268273,
        6.736317748816261,
        7.758464437055839,
        8.663013471555049,
        4.299673574217292,
        1.1288754108193346,
        5.423766718839196,
        7.057154376048658,
        9.764616821256375
    ],
    "max_environmental_impact": 797.6860664167551
}