{
    "npv": [
        281411.36494351807,
        88209.90501857994,
        62328.846939837415,
        714178.777216206,
        868030.173196708
    ],
    "cost": [
        1.0,
        1.0,
        1.0,
        1.0,
        1.0
    ],
    "budget": [
        1000000.0,
        1000000.0,
        1000000.0
    ],
    "resources": [
        [
            1000000.0,
            1000000.0
        ],
        [
            1000000.0,
            1000000.0
        ],
        [
            1000000.0,
            1000000.0
        ],
        [
            1000000.0,
            1000000.0
        ],
        [
            1000000.0,
            1000000.0
        ]
    ],
    "resource_limits": [
        [
            1000000.0,
            1000000.0
        ],
        [
            1000000.0,
            1000000.0
        ],
        [
            1000000.0,
            1000000.0
        ]
    ],
    "dependencies": [
        [
            0,
            0,
            0,
            0,
            0
        ],
        [
            0,
            0,
            0,
            0,
            0
        ],
        [
            0,
            0,
            0,
            0,
            0
        ],
        [
            0,
            0,
            0,
            0,
            0
        ],
        [
            0,
            0,
            0,
            0,
            0
        ]
    ],
    "stages": 3
}
