{
    "supply": [
        3485.9608431455713,
        9033.746500409878,
        2111.2427974776224,
        7656.894864688572,
        9499.069951853571
    ],
    "demand": [
        2366.6158158516864,
        4990.432197464078,
        7050.142619604115,
        7845.261357331462
    ],
    "cost": [
        [
            [
                2.0661346319236107,
                12.611909304122678,
                31.804898477344622
            ],
            [
                11.158608849303006,
                63.226027840720135,
                47.63982390601885
            ],
            [
                66.38172199866865,
                30.583399321152243,
                13.361584794407243
            ],
            [
                74.54826134736489,
                45.98237558613705,
                7.969870575833765
            ]
        ],
        [
            [
                97.92030299209635,
                91.14011027873065,
                34.79634184128278
            ],
            [
                27.938175983721774,
                98.80798134994649,
                38.7686693590862
            ],
            [
                89.22055801965135,
                12.170919687024766,
                47.18604276452322
            ],
            [
                58.912878853657425,
                87.74798993219663,
                69.45225538078775
            ]
        ],
        [
            [
                79.65110577078988,
                76.08749376102973,
                23.238708032377744
            ],
            [
                11.20196638829054,
                99.76292538228758,
                60.72829076657972
            ],
            [
                60.30565120014117,
                36.89238874530766,
                87.06676748504174
            ],
            [
                66.82615046172327,
                83.83420259846973,
                96.36119748514335
            ]
        ],
        [
            [
                42.745737668935945,
                64.16793083707853,
                86.65155711192348
            ],
            [
                28.740152913258775,
                72.6811843925105,
                28.31069796955886
            ],
            [
                25.9154096870592,
                51.274531614438715,
                42.544890552989166
            ],
            [
                83.79332848544163,
                98.32557448975345,
                9.226242656109363
            ]
        ],
        [
            [
                11.0119672760104,
                80.79315744392072,
                25.03167770052423
            ],
            [
                50.002632177750954,
                59.51735944258373,
                66.89722024880098
            ],
            [
                11.292579924560716,
                78.31127080172168,
                71.14437976701807
            ],
            [
                56.50640527201757,
                83.90379060057094,
                38.20641166013594
            ]
        ]
    ],
    "time_periods": [
        "Period_0",
        "Period_1",
        "Period_2"
    ]
}