{
    "raw_materials": [
        1107.6526992115291,
        1879.2888352824625,
        1935.1655629984732
    ],
    "material_requirements": [
        [
            4.514827813059184,
            2.272221624702077,
            2.904640489025201
        ],
        [
            2.0114873613194635,
            0.3346346812846699,
            1.0102186975116347
        ],
        [
            9.391204130515247,
            6.600394633786923,
            8.37104545717362
        ],
        [
            9.509840696557694,
            6.417020563078838,
            7.109943547712072
        ],
        [
            1.287773386800476,
            8.578764160621086,
            1.3860818067341183
        ]
    ],
    "product_prices": [
        345.37758301001776,
        454.9537468072595,
        304.73096192955984,
        485.22447893877234,
        453.2007336607596
    ],
    "energy_requirements": [
        72.60882702904694,
        32.800216499799305,
        52.0260019558892,
        94.25638539205697,
        67.490245705917
    ],
    "energy_capacity": 9304.258517602282
}