{
    "costs": [
        48.824885980184376,
        49.32415492222316,
        88.8717988782908,
        44.628100145990096,
        7.270268603411863,
        65.84238331846562,
        2.22366108560747,
        86.96489491399349,
        52.95697329182433,
        74.61875741994568
    ],
    "nutritional_requirements": [
        75.13961889483853,
        30.158642739136507,
        96.01852871690684,
        88.58292073344481
    ],
    "nutritional_content": [
        [
            25.954983950817272,
            34.41208217314637,
            30.91195080252071,
            21.642395355445615
        ],
        [
            36.332598421192536,
            24.09648386603202,
            33.185532195976215,
            32.0702226403641
        ],
        [
            7.432722612855214,
            41.321891009190765,
            44.60309408150301,
            30.645700564446344
        ],
        [
            0.5822433692957096,
            46.71857102100825,
            25.27837859423666,
            23.464446832191626
        ],
        [
            24.791746537914733,
            8.270193664306863,
            37.57150005238054,
            16.031690776680342
        ],
        [
            16.544742126071842,
            13.90785651294541,
            25.34646660935376,
            27.52477848653395
        ],
        [
            18.931879625945157,
            40.85516528598964,
            3.941529787739584,
            22.20944382297295
        ],
        [
            28.65174652937747,
            4.4009930851270305,
            24.92280730868433,
            15.80307637106882
        ],
        [
            49.03353694728514,
            37.26194823286421,
            0.88845644244675,
            20.171982948608154
        ],
        [
            1.791596620206165,
            27.454939484659473,
            41.29543792117221,
            39.5891642586154
        ]
    ],
    "available_amounts": [
        483.42706172600214,
        336.89215508899895,
        450.54990447127807,
        303.0496574422945,
        344.56819260242185,
        255.29356544956423,
        203.3843902014502,
        421.38994577842834,
        417.4649089598145,
        429.9428478219136
    ],
    "taste_profile": [
        3.3197262555473173,
        7.674163998645392,
        5.999511515582626,
        7.166580681291759,
        3.6329454716975604,
        4.525324561746668,
        0.9743702232330997,
        6.589102538060181,
        0.02196947793343007,
        3.5513897858473564
    ],
    "texture_profile": [
        6.336611804696446,
        7.999127156435218,
        5.476905816941342,
        3.738903604604009,
        1.063222292496122,
        8.968771186780584,
        4.924221421811668,
        8.218386599187262,
        7.425108903762631,
        4.0921075721801445
    ],
    "required_taste": 20.171572450057198,
    "required_texture": 17.836858686072645
}