{
    "supply": [
        208205.9501965746,
        167294.25468160093,
        932534.9001435416,
        241181.28786354026,
        623552.2380986203
    ],
    "demand": [
        159400.71354863266,
        536162.502759531,
        871955.2183715062,
        591140.6098586215
    ],
    "cost": [
        [
            9044.346952768125,
            2185.285938955865,
            6553.117046354718,
            3837.876049937674
        ],
        [
            5356.915074683409,
            9279.148728958693,
            4335.445345794667,
            5302.465834324884
        ],
        [
            6747.803650521702,
            8130.635583737089,
            5792.5853775033565,
            9524.573856114306
        ],
        [
            6277.804996696058,
            644.917841616057,
            5459.6631270282005,
            6616.38163764743
        ],
        [
            3170.8063014418553,
            5185.537095376829,
            9440.89634503375,
            4025.2812834440015
        ]
    ]
}