{
    "costs": [
        586.9593724622791,
        863.5138349411803,
        483.67618524040955,
        759.7344765177994,
        4.482244106745769,
        769.6441151824451,
        798.5499942300228
    ],
    "nutritional_requirements": [
        681.5673237603687,
        144.1588081701565,
        839.88680406315,
        391.41208747969534,
        365.5552575673998,
        986.4633186880884,
        381.5002770460305
    ],
    "nutritional_content": [
        [
            965.7755817654688,
            986.2409224670903,
            473.8992421471066,
            436.294982602126,
            93.36473675153987,
            341.30103355391566,
            144.72106345116768
        ],
        [
            786.6107471809197,
            466.9620368409273,
            651.0554583478885,
            660.5828208133205,
            810.6547157132615,
            310.49908583032106,
            92.15071979273912
        ],
        [
            132.60373830739937,
            91.90994661292889,
            35.296091858941516,
            831.6020540308186,
            723.2321262791859,
            631.3496764091055,
            666.0100150713499
        ],
        [
            653.2081102948407,
            834.1796362566758,
            398.47082715405526,
            501.72198397877406,
            754.6469081350093,
            678.9197268201453,
            223.20803734917817
        ],
        [
            74.92365586980887,
            162.76902877365174,
            409.595772615797,
            33.11237240787889,
            782.8883610666951,
            341.0559139110919,
            723.3414244116502
        ],
        [
            527.059533708354,
            392.71744639279234,
            799.6595912200836,
            230.43403323347738,
            762.7113733347743,
            406.82700273638335,
            771.273673464042
        ],
        [
            571.8612872951489,
            855.4901623883952,
            423.4837928980363,
            146.82135463145238,
            133.20838238906398,
            321.85682501889454,
            170.78665514841867
        ]
    ],
    "available_amounts": [
        356.97521841288204,
        459.9205622416969,
        496.08918639397854,
        777.9803979234416,
        164.1379828910038,
        599.052987614106,
        962.8272750715938
    ]
}