{
    "capacity": [
        1000000.0,
        1000000.0,
        1000000.0,
        1000000.0,
        1000000.0,
        1000000.0,
        1000000.0,
        1000000.0,
        1000000.0
    ],
    "costs": [
        1.0,
        1.0,
        1.0,
        1.0,
        1.0,
        1.0,
        1.0,
        1.0,
        1.0
    ],
    "demand": 1.0,
    "emission_factors": [
        1.2982787501957478,
        1.4979622796382488,
        1.156691214090214,
        1.4218667069916642,
        1.3681900570387606,
        1.8713293259830501,
        1.3281561380049354,
        1.313797441663314,
        1.8074541625549894
    ],
    "emission_cap": 1000000.0,
    "storage_capacity": 1000000.0,
    "storage_cost": 15.748455272945515,
    "initial_storage": 985.1416856946232
}
