{
    "supply": [
        20.0,
        20.0,
        20.0,
        20.0,
        20.0
    ],
    "demand": [
        1.0,
        1.0,
        1.0,
        1.0
    ],
    "cost": [
        [
            2.0,
            2.0,
            2.0,
            2.0
        ],
        [
            2.0,
            2.0,
            2.0,
            2.0
        ],
        [
            2.0,
            2.0,
            2.0,
            2.0
        ],
        [
            2.0,
            2.0,
            2.0,
            2.0
        ],
        [
            2.0,
            2.0,
            2.0,
            2.0
        ]
    ],
    "emission": [
        [
            6.005852777678322,
            3.5395305412302123,
            4.270170355116669,
            6.235766490991699
        ],
        [
            0.538539135890728,
            7.665300707809157,
            9.860389407801309,
            0.5294216729653878
        ],
        [
            5.00587538863318,
            3.2255128870833554,
            8.609968008559317,
            5.249641179551609
        ],
        [
            0.5345087803879593,
            5.125485855827406,
            2.7874582540272552,
            8.5278963511634
        ],
        [
            3.5915687200160615,
            2.593086322018391,
            9.871799392453687,
            9.772812484935532
        ]
    ],
    "emission_limit": 1000000.0
}
