{
    "shift_requirements": [
        1.0,
        1.0,
        1.0,
        1.0,
        1.0
    ],
    "availability": [
        [
            100.0,
            100.0,
            100.0,
            100.0,
            100.0
        ],
        [
            100.0,
            100.0,
            100.0,
            100.0,
            100.0
        ],
        [
            100.0,
            100.0,
            100.0,
            100.0,
            100.0
        ],
        [
            100.0,
            100.0,
            100.0,
            100.0,
            100.0
        ],
        [
            100.0,
            100.0,
            100.0,
            100.0,
            100.0
        ],
        [
            100.0,
            100.0,
            100.0,
            100.0,
            100.0
        ],
        [
            100.0,
            100.0,
            100.0,
            100.0,
            100.0
        ],
        [
            100.0,
            100.0,
            100.0,
            100.0,
            100.0
        ],
        [
            100.0,
            100.0,
            100.0,
            100.0,
            100.0
        ],
        [
            100.0,
            100.0,
            100.0,
            100.0,
            100.0
        ],
        [
            100.0,
            100.0,
            100.0,
            100.0,
            100.0
        ],
        [
            100.0,
            100.0,
            100.0,
            100.0,
            100.0
        ],
        [
            100.0,
            100.0,
            100.0,
            100.0,
            100.0
        ],
        [
            100.0,
            100.0,
            100.0,
            100.0,
            100.0
        ],
        [
            100.0,
            100.0,
            100.0,
            100.0,
            100.0
        ],
        [
            100.0,
            100.0,
            100.0,
            100.0,
            100.0
        ],
        [
            100.0,
            100.0,
            100.0,
            100.0,
            100.0
        ],
        [
            100.0,
            100.0,
            100.0,
            100.0,
            100.0
        ]
    ],
    "wages": [
        42.064672599182586,
        26.622269526060602,
        40.52173695528442,
        42.51545377037344,
        48.41271586760652,
        32.1599823332687,
        33.498125939719436,
        13.89797199706667,
        20.28836289019152,
        30.46190764207904,
        43.1436713640078,
        12.628577918818541,
        40.373295485456445,
        32.80926469895427,
        13.164488906732402,
        32.95214067040966,
        21.043591019613842,
        44.28490519172357
    ],
    "skill_levels": [
        [
            10.0,
            10.0,
            10.0,
            10.0,
            10.0
        ],
        [
            10.0,
            10.0,
            10.0,
            10.0,
            10.0
        ],
        [
            10.0,
            10.0,
            10.0,
            10.0,
            10.0
        ],
        [
            10.0,
            10.0,
            10.0,
            10.0,
            10.0
        ],
        [
            10.0,
            10.0,
            10.0,
            10.0,
            10.0
        ],
        [
            10.0,
            10.0,
            10.0,
            10.0,
            10.0
        ],
        [
            10.0,
            10.0,
            10.0,
            10.0,
            10.0
        ],
        [
            10.0,
            10.0,
            10.0,
            10.0,
            10.0
        ],
        [
            10.0,
            10.0,
            10.0,
            10.0,
            10.0
        ],
        [
            10.0,
            10.0,
            10.0,
            10.0,
            10.0
        ],
        [
            10.0,
            10.0,
            10.0,
            10.0,
            10.0
        ],
        [
            10.0,
            10.0,
            10.0,
            10.0,
            10.0
        ],
        [
            10.0,
            10.0,
            10.0,
            10.0,
            10.0
        ],
        [
            10.0,
            10.0,
            10.0,
            10.0,
            10.0
        ],
        [
            10.0,
            10.0,
            10.0,
            10.0,
            10.0
        ],
        [
            10.0,
            10.0,
            10.0,
            10.0,
            10.0
        ],
        [
            10.0,
            10.0,
            10.0,
            10.0,
            10.0
        ],
        [
            10.0,
            10.0,
            10.0,
            10.0,
            10.0
        ]
    ],
    "min_skill_requirements": [
        1.0,
        1.0,
        1.0,
        1.0,
        1.0
    ]
}
