{
    "budget": 362287.84916548,
    "costs": [
        35556.34810492525,
        18861.25921771322,
        52330.39594867188,
        90122.82961511936,
        50267.45389493412,
        60746.83362521237,
        99736.8486576227,
        92079.91486342454,
        93844.00797644288,
        92932.04056613379
    ],
    "benefits": [
        5525.0062959978295,
        3949.573860035987,
        4534.562249822243,
        1252.1781155480464,
        5589.172263056706,
        3449.605030846592,
        3720.3657552575733,
        2470.5684237765654,
        8194.096467335557,
        1964.5678368295296
    ],
    "availability": [
        404.8804089169859,
        358.96308497760856,
        916.6938910734898,
        921.2035235087794,
        811.0964553636146,
        909.7583950087454,
        707.9297974248,
        839.2231411974286,
        99.68158974443655,
        520.3239587311634
    ],
    "efficiency": [
        0.6971613398888984,
        0.38849775732070446,
        0.5746037394307332,
        0.6175781133173801,
        0.5787331139259453,
        0.4547664238604242,
        0.591743008635034,
        0.2808388788573846,
        0.38828477801328976,
        0.5031141131160435
    ]
}