{
    "production_costs": [
        875149.364717176,
        876935.4648311235,
        94175.44759522105,
        863431.506981761,
        845801.7642902095
    ],
    "demand": [
        1.0,
        1.0,
        1.0,
        1.0,
        1.0
    ],
    "storage_capacity": [
        1000000.0,
        1000000.0,
        1000000.0,
        1000000.0,
        1000000.0
    ],
    "shelf_life": [
        1000000.0,
        1000000.0,
        1000000.0,
        1000000.0,
        1000000.0
    ],
    "nutritional_content": [
        [
            503100.70406667585,
            8966.112919538793,
            983581.1034847872,
            503100.70406667585
        ],
        [
            23810.69949137765,
            460526.7136966417,
            260692.7760049469,
            23810.69949137765
        ],
        [
            904014.3102349248,
            225414.10998475295,
            851076.3149757243,
            904014.3102349248
        ],
        [
            176043.9537020153,
            987666.5241372171,
            891285.409309926,
            176043.9537020153
        ],
        [
            889086.0839086729,
            410494.6446482999,
            60580.010683750166,
            889086.0839086729
        ]
    ],
    "min_nutritional_requirements": [
        0.0,
        0.0,
        0.0,
        0.0
    ]
}
