{
    "npv": [
        4.0719698892,
        25.4810470696,
        84.0836557822,
        62.512230002,
        24.615949247
    ],
    "cost": [
        47.8825450337,
        12.3245551648,
        94.8279451994,
        47.0383643601,
        26.3681259597
    ],
    "budget": 187.60311129000002,
    "dependencies": [
        [
            0,
            0,
            1,
            0,
            0
        ],
        [
            1,
            0,
            1,
            0,
            0
        ],
        [
            0,
            0,
            0,
            0,
            0
        ],
        [
            1,
            1,
            1,
            0,
            1
        ],
        [
            0,
            1,
            1,
            0,
            0
        ]
    ],
    "environmental_impact": [
        96.1179691542,
        63.922925504,
        83.0420237892,
        71.0235557269,
        44.1132273558
    ],
    "max_impact": 368.22867548650004
}