{
    "supply": [
        3459.433498414523,
        7861.685661828981,
        9293.837689298554
    ],
    "demand": [
        2079.605393316418,
        1316.325011956559,
        1144.6317065391308,
        3458.0508567655797,
        813.134395617514
    ],
    "cost": [
        [
            74.35593685272357,
            97.20922155704389,
            10.084010622390085,
            53.517786177234015,
            38.24324616464537
        ],
        [
            45.91093327662872,
            16.583518308663777,
            31.852099600717423,
            33.113906315764225,
            94.19933497303546
        ],
        [
            60.026153448304136,
            88.45087626731599,
            16.402410437044345,
            75.68915203337356,
            5.926486750862759
        ]
    ],
    "storage_cost": [
        90.76571225659404,
        448.6818445870228,
        429.77462538186523,
        611.0052473666053,
        420.0419005038974
    ],
    "storage_capacity": [
        294.01206880397217,
        561.1116752209942,
        410.6555699327757,
        199.8007949808375,
        710.396103640181
    ]
}