{
    "budget": 1000000.0,
    "costs": [
        1.0,
        1.0,
        1.0,
        1.0,
        1.0
    ],
    "benefits": [
        87042360.52095339,
        70712675.95971817,
        85420114.3247077,
        27247443.937456377,
        50515646.13256534
    ],
    "regulatory_requirements": [
        1,
        1,
        1,
        1,
        1
    ],
    "environmental_impacts": [
        1.0,
        1.0,
        1.0,
        1.0,
        1.0
    ],
    "max_environmental_impact": 1000000.0,
    "dependencies": [
        [
            0,
            0
        ],
        [
            0,
            0
        ],
        [
            0,
            0
        ],
        [
            0,
            0
        ],
        [
            0,
            0
        ],
        [
            0,
            0
        ],
        [
            0,
            0
        ]
    ]
}
