{
    "nurses": [
        "nurse_0",
        "nurse_1",
        "nurse_2",
        "nurse_3",
        "nurse_4",
        "nurse_5",
        "nurse_6",
        "nurse_7",
        "nurse_8",
        "nurse_9"
    ],
    "shifts": [
        "shift_0",
        "shift_1",
        "shift_2",
        "shift_3",
        "shift_4"
    ],
    "shift_requirements": [
        1.0,
        1.0,
        1.0,
        1.0,
        1.0
    ],
    "max_hours": [
        1000000.0,
        1000000.0,
        1000000.0,
        1000000.0,
        1000000.0,
        1000000.0,
        1000000.0,
        1000000.0,
        1000000.0,
        1000000.0
    ],
    "shift_hours": [
        5.8988346917894035,
        7.746103382675387,
        8.96588750176787,
        8.686317663707536,
        11.773758880703946
    ],
    "nurse_skills": [
        10.0,
        10.0,
        10.0,
        10.0,
        10.0,
        10.0,
        10.0,
        10.0,
        10.0,
        10.0
    ],
    "shift_skill_requirements": [
        1.0,
        1.0,
        1.0,
        1.0,
        1.0
    ]
}
