{
    "projects": [
        "Project_0",
        "Project_1",
        "Project_2",
        "Project_3",
        "Project_4"
    ],
    "budget": 271.5973859635,
    "costs": [
        35.1672702276,
        55.63982429,
        54.7995762329,
        46.0791170698,
        32.8559576727
    ],
    "returns": [
        19.676584997,
        70.0523443344,
        57.6079665565,
        24.1226821597,
        77.7789030348
    ],
    "dependencies": [
        [
            0,
            1
        ],
        [
            1,
            2
        ],
        [
            2,
            3
        ],
        [
            3,
            4
        ]
    ],
    "risks": [
        5.3210826106,
        74.725810005,
        70.8175602215,
        81.3294813539,
        39.2217964966
    ],
    "risk_threshold": 333.525970595,
    "resources": [
        [
            82.2540076192,
            98.1009957273,
            50.037536312
        ],
        [
            4.6649415232,
            50.7268238632,
            59.4278625016
        ],
        [
            87.1003310229,
            87.5448470314,
            44.5903147673
        ],
        [
            53.0691575939,
            46.2358793729,
            72.5219389295
        ],
        [
            41.5878833549,
            65.8233513163,
            16.2817606584
        ]
    ],
    "resource_availabilities": [
        237.3978474875,
        484.75579713400003,
        172.5878108555
    ]
}