{
    "num_staff": 5,
    "num_shifts": 3,
    "shift_durations": [
        5.70386315512153,
        4.904306368628386,
        5.610343465516453
    ],
    "availability": [
        [
            100.0,
            100.0,
            100.0
        ],
        [
            100.0,
            100.0,
            100.0
        ],
        [
            100.0,
            100.0,
            100.0
        ],
        [
            100.0,
            100.0,
            100.0
        ],
        [
            100.0,
            100.0,
            100.0
        ],
        [
            100.0,
            100.0,
            100.0
        ]
    ],
    "room_cleaning_time": [
        0.5178325418820042,
        1.8088573851442569,
        0.5178325418820042,
        1.8088573851442569
    ],
    "num_rooms": [
        14,
        20,
        14,
        20
    ],
    "staff_skill_level": [
        10,
        10,
        10,
        10,
        10,
        10
    ],
    "room_skill_requirement": [
        1,
        1,
        1,
        1
    ]
}
