{
    "demand": [
        1.0,
        1.0,
        1.0,
        1.0,
        1.0,
        1.0,
        1.0,
        1.0,
        1.0,
        1.0
    ],
    "facility_capacity": [
        1.6666666666666667,
        1.6666666666666667,
        1.6666666666666667,
        1.6666666666666667,
        1.6666666666666667,
        1.6666666666666667
    ],
    "shipping_cost": [
        9.31,
        14.84,
        18.14,
        6.1,
        18.09,
        16.47,
        11.1,
        8.33,
        20.36,
        11.05,
        7.39,
        7.45,
        18.71,
        15.06,
        18.11,
        16.95,
        14.04,
        20.6,
        11.68,
        14.28,
        18.44,
        15.28,
        18.93,
        14.66,
        16.57,
        6.69,
        9.42,
        10.34,
        7.2,
        9.49,
        7.52,
        10.17,
        15.54,
        11.47,
        11.55,
        9.14,
        10.0,
        20.05,
        15.72,
        15.14,
        8.57,
        16.939999999999998,
        8.45,
        11.69,
        20.84,
        15.6,
        14.35,
        16.27,
        18.64,
        17.64,
        9.44,
        6.48,
        10.73,
        10.02,
        9.16,
        20.14,
        19.15,
        10.72,
        15.83,
        11.93
    ],
    "fixed_cost": [
        466.82,
        284.54,
        206.95,
        199.65,
        325.55,
        206.1,
        334.83,
        460.13,
        260.76,
        188.73,
        500.02,
        304.81,
        137.36,
        119.85,
        144.86,
        351.98,
        417.83,
        269.86,
        126.41,
        253.65,
        499.45,
        312.65,
        489.43,
        445.31,
        105.59,
        389.29,
        373.68,
        315.79,
        207.73,
        357.38,
        145.62,
        274.91,
        282.49,
        482.53,
        451.34,
        206.36,
        301.23,
        172.46,
        466.05,
        449.21,
        220.38,
        356.58,
        344.59,
        162.14,
        406.0,
        316.75,
        412.45,
        313.14,
        101.23,
        230.66,
        108.79,
        472.64,
        452.49,
        433.67,
        224.01,
        124.17,
        452.2,
        479.78,
        135.26,
        295.4
    ],
    "assignment_capacity": [
        1000000.0,
        1000000.0,
        1000000.0,
        1000000.0,
        1000000.0,
        1000000.0,
        1000000.0,
        1000000.0,
        1000000.0,
        1000000.0,
        1000000.0,
        1000000.0,
        1000000.0,
        1000000.0,
        1000000.0,
        1000000.0,
        1000000.0,
        1000000.0,
        1000000.0,
        1000000.0,
        1000000.0,
        1000000.0,
        1000000.0,
        1000000.0,
        1000000.0,
        1000000.0,
        1000000.0,
        1000000.0,
        1000000.0,
        1000000.0,
        1000000.0,
        1000000.0,
        1000000.0,
        1000000.0,
        1000000.0,
        1000000.0,
        1000000.0,
        1000000.0,
        1000000.0,
        1000000.0,
        1000000.0,
        1000000.0,
        1000000.0,
        1000000.0,
        1000000.0,
        1000000.0,
        1000000.0,
        1000000.0,
        1000000.0,
        1000000.0,
        1000000.0,
        1000000.0,
        1000000.0,
        1000000.0,
        1000000.0,
        1000000.0,
        1000000.0,
        1000000.0,
        1000000.0,
        1000000.0
    ],
    "max_demand_groups_per_facility": [
        1000000,
        1000000,
        1000000,
        1000000,
        1000000,
        1000000
    ]
}
