{
    "budget": 351.1795088473,
    "costs": [
        28.5581227405,
        32.5494193315,
        33.1787235883,
        37.2453391326,
        45.2819262637
    ],
    "benefits": [
        71.4393464537,
        98.9225558189,
        45.8566593315,
        97.6778451367,
        45.2911115592
    ],
    "regulatory_limits": [
        1,
        0,
        1,
        1,
        1
    ],
    "resource_limits": [
        1,
        0,
        1,
        0,
        1
    ]
}