{
    "production_costs": [
        55896.07317234478,
        720444.2686527272,
        91143.73094905134,
        218078.24973644374,
        422071.91370004864,
        990952.5596140927,
        426358.90228866495,
        465392.2653383671,
        711391.5531923301,
        930616.667639947
    ],
    "demand": [
        1.0,
        1.0,
        1.0,
        1.0,
        1.0,
        1.0,
        1.0,
        1.0,
        1.0,
        1.0
    ],
    "storage_capacity": [
        1000000.0,
        1000000.0,
        1000000.0,
        1000000.0,
        1000000.0,
        1000000.0,
        1000000.0,
        1000000.0,
        1000000.0,
        1000000.0
    ],
    "shelf_life": [
        1000000.0,
        1000000.0,
        1000000.0,
        1000000.0,
        1000000.0,
        1000000.0,
        1000000.0,
        1000000.0,
        1000000.0,
        1000000.0
    ],
    "co2_emissions": [
        2574.404377021837,
        5147.681345021961,
        5452.514853699539,
        3374.6349677382796,
        4873.516277826005,
        728.944177488533,
        1749.2849662215324,
        4737.214314468072,
        3348.3721714095655,
        1659.241982908652
    ],
    "emission_limit": 1000000.0
}
