{
    "projects": [
        "Project_0",
        "Project_1",
        "Project_2",
        "Project_3",
        "Project_4"
    ],
    "costs": [
        1.0,
        1.0,
        1.0,
        1.0,
        1.0
    ],
    "returns": [
        575295162.4235892,
        304332809.30953676,
        591670937.3381423,
        418515891.7420844,
        986140539.6301455
    ],
    "budget": 1000000.0,
    "capacity": [
        1000000.0,
        1000000.0,
        1000000.0,
        1000000.0,
        1000000.0
    ],
    "max_capacity": [
        1000000.0,
        1000000.0,
        1000000.0,
        1000000.0,
        1000000.0
    ],
    "min_generation": [
        0.0,
        0.0,
        0.0,
        0.0,
        0.0
    ],
    "max_generation": [
        1000000.0,
        1000000.0,
        1000000.0,
        1000000.0,
        1000000.0
    ],
    "grid_stability_req": 0.0
}
