{
    "facility_costs": [
        8292.500824264229,
        1204.773834380758,
        8001.827218937406
    ],
    "operating_costs": [
        2883.3769664159836,
        3336.8917940485876,
        2810.610117598536
    ],
    "demand": [
        [
            1.0,
            1.0,
            1.0,
            1.0
        ],
        [
            1.0,
            1.0,
            1.0,
            1.0
        ]
    ],
    "capacity": [
        [
            1000000.0,
            1000000.0,
            1000000.0
        ],
        [
            1000000.0,
            1000000.0,
            1000000.0
        ]
    ],
    "transport_costs": [
        [
            71.30848593266691,
            90.5568461808018,
            91.32647767803815,
            34.09481023716323
        ],
        [
            77.79425479945927,
            89.93279327971703,
            73.48676203255232,
            22.39959110197375
        ],
        [
            34.53460719467154,
            48.48874222354548,
            3.68565339649875,
            67.7691572285628
        ]
    ],
    "sla": [
        0.8057976408050078,
        0.9422567704927598,
        0.9387291666595803,
        0.5243830954592976
    ]
}
