{
    "supply": [
        10.0,
        10.0,
        10.0,
        10.0,
        10.0,
        10.0,
        10.0,
        10.0,
        10.0,
        10.0
    ],
    "demand": [
        1.0,
        1.0,
        1.0,
        1.0,
        1.0,
        1.0,
        1.0,
        1.0,
        1.0,
        1.0
    ],
    "cost": [
        [
            2.0,
            2.0,
            2.0,
            2.0,
            2.0,
            2.0,
            2.0,
            2.0,
            2.0,
            2.0
        ],
        [
            2.0,
            2.0,
            2.0,
            2.0,
            2.0,
            2.0,
            2.0,
            2.0,
            2.0,
            2.0
        ],
        [
            2.0,
            2.0,
            2.0,
            2.0,
            2.0,
            2.0,
            2.0,
            2.0,
            2.0,
            2.0
        ],
        [
            2.0,
            2.0,
            2.0,
            2.0,
            2.0,
            2.0,
            2.0,
            2.0,
            2.0,
            2.0
        ],
        [
            2.0,
            2.0,
            2.0,
            2.0,
            2.0,
            2.0,
            2.0,
            2.0,
            2.0,
            2.0
        ],
        [
            2.0,
            2.0,
            2.0,
            2.0,
            2.0,
            2.0,
            2.0,
            2.0,
            2.0,
            2.0
        ],
        [
            2.0,
            2.0,
            2.0,
            2.0,
            2.0,
            2.0,
            2.0,
            2.0,
            2.0,
            2.0
        ],
        [
            2.0,
            2.0,
            2.0,
            2.0,
            2.0,
            2.0,
            2.0,
            2.0,
            2.0,
            2.0
        ],
        [
            2.0,
            2.0,
            2.0,
            2.0,
            2.0,
            2.0,
            2.0,
            2.0,
            2.0,
            2.0
        ],
        [
            2.0,
            2.0,
            2.0,
            2.0,
            2.0,
            2.0,
            2.0,
            2.0,
            2.0,
            2.0
        ]
    ],
    "time": [
        [
            46.534582568505925,
            33.49035690675426,
            25.00203458684345,
            11.35312668711022,
            41.47021738036313,
            45.97898740781318,
            44.13353250203761,
            6.1031108393368925,
            45.58352912404819,
            21.829460340677173
        ],
        [
            3.229384148430138,
            21.502362513255736,
            39.14377571272032,
            5.140850471604498,
            10.184525032807702,
            50.72521392135503,
            7.230402992036847,
            24.64281941784179,
            46.930174121751044,
            23.188470957044146
        ],
        [
            4.750381096472754,
            2.040915549588066,
            29.166399107824294,
            48.56845209170454,
            31.495078917334865,
            38.263066358456435,
            6.585460521655864,
            13.369861347440551,
            7.829041028468548,
            50.589770047745034
        ],
        [
            35.3593128722951,
            15.050608498178507,
            20.35246600024611,
            43.68254230985506,
            38.50238174131792,
            48.3120049900647,
            23.03089180116022,
            14.757283303134674,
            33.260752088803166,
            31.52679834835521
        ],
        [
            23.625179791561937,
            27.977329513886488,
            20.590949102527606,
            40.80549555675121,
            47.88234820752738,
            28.385598916444163,
            3.2533067155957403,
            35.965410236023175,
            50.825382597030014,
            15.915385128404289
        ],
        [
            41.436646772773464,
            45.19768864022497,
            34.05258696188054,
            48.02757815459254,
            7.806257891269209,
            37.55914131478427,
            22.659671167713082,
            23.81255664517022,
            49.87426473089299,
            22.406857620417362
        ],
        [
            46.78693845621026,
            21.13960861643203,
            39.806912320182754,
            29.294897730196933,
            6.224870299329318,
            24.43384538121718,
            12.059782760969867,
            20.04812481816596,
            34.12431882810694,
            43.16484465167636
        ],
        [
            40.441850614761904,
            5.437774340873778,
            34.620809164796675,
            2.1333048997297794,
            47.18787209771444,
            8.813590037080731,
            10.045231894820473,
            22.59493962317095,
            3.039603092650134,
            10.495284912643013
        ],
        [
            46.534582568505925,
            33.49035690675426,
            25.00203458684345,
            11.35312668711022,
            41.47021738036313,
            45.97898740781318,
            44.13353250203761,
            6.1031108393368925,
            45.58352912404819,
            21.829460340677173
        ],
        [
            3.229384148430138,
            21.502362513255736,
            39.14377571272032,
            5.140850471604498,
            10.184525032807702,
            50.72521392135503,
            7.230402992036847,
            24.64281941784179,
            46.930174121751044,
            23.188470957044146
        ]
    ],
    "max_time": 1000000.0
}
