{
    "capacity": [
        1000000.0,
        1000000.0,
        1000000.0,
        1000000.0,
        1000000.0,
        1000000.0
    ],
    "costs": [
        1.0,
        1.0,
        1.0,
        1.0,
        1.0,
        1.0
    ],
    "demand": [
        1.0,
        1.0,
        1.0,
        1.0,
        1.0,
        1.0,
        1.0,
        1.0,
        1.0,
        1.0,
        1.0,
        1.0,
        1.0,
        1.0
    ],
    "emission_factors": [
        1.9484480136374693,
        1.9127184561962043,
        1.5691227303455078,
        1.524220926732872,
        1.2752214788478948,
        1.7051259106853092
    ],
    "emission_cap": 1000000.0,
    "ramp_up_rate": [
        228.97089566545668,
        118.2892379019528,
        490.77879109504636,
        252.87505458636002,
        204.63549998097926,
        380.4642472408214
    ],
    "ramp_down_rate": [
        321.7626731397392,
        297.129063142002,
        479.34723450099204,
        352.72542307422975,
        279.0580533757618,
        197.44070159454486
    ],
    "initial_output": [
        569.8407539484556,
        596.3881329837857,
        104.62173906694893,
        185.93554600441797,
        184.18785965879715,
        561.0112182478371
    ]
}
