{
    "production_costs": [
        8824.966079324404,
        7335.887099754904,
        4493.633194689824,
        4416.344061288057,
        7790.54845846001,
        8824.966079324404
    ],
    "demand": [
        1.0,
        1.0,
        1.0,
        1.0,
        1.0,
        1.0
    ],
    "storage_capacity": [
        1000000.0,
        1000000.0,
        1000000.0,
        1000000.0,
        1000000.0,
        1000000.0
    ],
    "shelf_life": [
        1000000.0,
        1000000.0,
        1000000.0,
        1000000.0,
        1000000.0,
        1000000.0
    ],
    "resource_usage": [
        [
            98.98460132946798,
            67.70716854545036,
            52.43997232007282,
            98.98460132946798
        ],
        [
            42.9270329241517,
            69.90016202448312,
            47.81197370281808,
            42.9270329241517
        ],
        [
            45.716309280208954,
            25.46662318756779,
            13.972509167709328,
            45.716309280208954
        ],
        [
            96.79123102638343,
            71.24555660757039,
            71.25410651980721,
            96.79123102638343
        ],
        [
            62.8664020420575,
            84.67765300808365,
            7.0872767073019975,
            62.8664020420575
        ],
        [
            98.98460132946798,
            67.70716854545036,
            52.43997232007282,
            98.98460132946798
        ]
    ],
    "resource_availability": [
        1000000.0,
        1000000.0,
        1000000.0,
        1000000.0
    ]
}
