{
    "production_costs": [
        6292.527017172279,
        2243.0163454084986,
        1842.4787694973825,
        8674.343846159236,
        7751.580273139443,
        6292.527017172279,
        2243.0163454084986,
        1842.4787694973825
    ],
    "demand": [
        1.0,
        1.0,
        1.0,
        1.0,
        1.0,
        1.0,
        1.0,
        1.0
    ],
    "storage_capacity": [
        1000000.0,
        1000000.0,
        1000000.0,
        1000000.0,
        1000000.0,
        1000000.0,
        1000000.0,
        1000000.0
    ],
    "shelf_life": [
        1000000.0,
        1000000.0,
        1000000.0,
        1000000.0,
        1000000.0,
        1000000.0,
        1000000.0,
        1000000.0
    ],
    "quality_standards": [
        0.0,
        0.0,
        0.0,
        0.0,
        0.0,
        0.0,
        0.0,
        0.0
    ],
    "quality_scores": [
        100.0,
        100.0,
        100.0,
        100.0,
        100.0,
        100.0,
        100.0,
        100.0
    ]
}
