{
    "costs": [
        975.0065638946545,
        541.0435772308908,
        273.14201318470185,
        445.40008743837313,
        969.5727222899916
    ],
    "availability": [
        697.9252540301403,
        177.85960333973236,
        597.9866146377241,
        631.4164751184186,
        636.2152852894098
    ],
    "requirements": [
        [
            5.683446418540745,
            5.282252063109624,
            6.431329662237039,
            3.1656471483285666,
            3.536966171624896
        ],
        [
            5.442714409146991,
            8.066606885839885,
            4.474417025207691,
            3.7212548872889406,
            2.672089734983471
        ],
        [
            3.105371864173581,
            0.10091422930978776,
            8.172259912692793,
            8.494670234988439,
            3.5044606807749434
        ]
    ],
    "min_dosage": [
        4.745059756915859,
        0.18233939490409568,
        9.228675117866123
    ],
    "max_dosage": [
        95.2261760681312,
        52.93603634063114,
        10.821933961869984
    ],
    "stability_limits": [
        [
            0.048739178194231014,
            0.36363035170214897
        ],
        [
            0.030809385416724275,
            0.10649618650519078
        ],
        [
            0.04362794888743303,
            0.4705622821595211
        ],
        [
            0.0604498922775654,
            0.455276871658165
        ],
        [
            0.02469425457972599,
            0.7634060686930396
        ]
    ],
    "efficacy_limits": [
        [
            0.04507509428678764,
            0.4405222542474656
        ],
        [
            0.03366822479016242,
            0.48001544447832345
        ],
        [
            0.03156056334447045,
            0.7880844646689531
        ],
        [
            0.09189589630953565,
            0.826817446384818
        ],
        [
            0.07161762613406673,
            0.3562091692061077
        ]
    ]
}