{
    "costs": [
        50.74504600004558,
        39.97797536238739,
        68.94752600650855,
        18.305235849785856,
        97.67421232846714,
        70.12621224151782,
        46.54698841459657,
        69.23184435690524,
        2.1701778824344435
    ],
    "availability": [
        289.67714713130295,
        622.907397081502,
        392.8925799238838,
        651.5002867255943,
        333.73069218126824,
        593.7070603412698,
        313.42523725679075,
        524.21082826461,
        651.775638824603
    ],
    "requirements": [
        3.7226490961070753,
        5.037823164440948,
        2.184271572895498,
        7.037055005481378,
        3.785865315901279,
        8.557828263684113,
        2.8683323656187723,
        1.8809033643972592,
        1.398277748337367
    ],
    "demand": 787.946364603981,
    "nutrient_content": [
        [
            2.3628108200467195,
            1.0887104350035859,
            2.7724961583351124
        ],
        [
            2.4344712115665255,
            4.378965642135265,
            3.8707454840915334
        ],
        [
            1.54385297984161,
            9.595564415392024,
            1.580525766928281
        ],
        [
            8.076116779420143,
            1.8484120389301673,
            5.046018478507321
        ],
        [
            9.956061525966055,
            8.508960162426938,
            5.218369051712956
        ],
        [
            7.233547262293842,
            7.874796073269396,
            3.070338403319142
        ],
        [
            5.665170675509941,
            5.721561740132586,
            4.044178828446943
        ],
        [
            6.936377442010377,
            0.6943601394677643,
            8.156798885147778
        ],
        [
            4.817740301086157,
            6.335635902385329,
            4.553562708731539
        ]
    ],
    "nutrient_requirements": [
        40.11908846631065,
        42.48658189496094,
        60.431503133283805
    ]
}