{
    "raw_materials": [
        5990.279245033715,
        9707.616645525939,
        6946.606797866735,
        3689.8331065695024
    ],
    "material_requirements": [
        [
            3.9620367793363402,
            1.1570033657782437,
            6.919541565751173,
            4.916385066808301
        ],
        [
            8.863620131199312,
            4.436039118317584,
            1.9756985067236064,
            0.45341305741383076
        ],
        [
            0.3511095942960404,
            9.964197240547536,
            2.461002800191955,
            3.9487985813887936
        ],
        [
            7.948117801185438,
            6.469735613066968,
            5.046873099997686,
            9.653043075346037
        ],
        [
            8.136603059233293,
            9.669083984633929,
            0.26254103084446867,
            3.45892254825636
        ]
    ],
    "product_prices": [
        344.341418369865,
        723.8018692462622,
        411.4527774379047,
        219.5613939243008,
        657.311435197616
    ],
    "quality_standards": [
        5.278884429021676,
        9.406888917185146,
        8.71498029273099,
        5.411957794238931,
        7.4364098439777075
    ],
    "min_quality": 309.687093886243,
    "max_quality": 1648.301253705464
}