{
    "production_costs": [
        599163.725524216,
        167968.78478056655,
        323284.25378032535,
        316894.2221179244,
        845149.8904770775
    ],
    "holding_costs": [
        80007.73290378692,
        27218.7514653491,
        69826.95445616417,
        36316.015462381816,
        53488.590289999986
    ],
    "demand_forecasts": [
        35227.773827680576,
        14457.379507187574,
        13781.249674150775,
        28213.634229184066,
        77902.90370092848
    ],
    "production_capacities": [
        412582.50997940276,
        920986.4701545029,
        163866.11334469495,
        218658.33574831745,
        503879.5101709096
    ],
    "resource_requirements": [
        831.7419812323776,
        795.3116313007449,
        559.0965591953317,
        689.9631762771663,
        952.5427185753521
    ],
    "available_resources": 8462236.799341705
}