{
    "supply": [
        1834.558256221539,
        6101.842795834198,
        9869.470708362609,
        1479.0082459662324,
        3301.42721314722,
        3156.8278879321965,
        7049.832439627639,
        1359.0098634308208,
        2234.0850393117034,
        9943.855538674761
    ],
    "demand": [
        5560.4228644664145,
        3848.8407355421446,
        1283.5004753721644,
        6714.664911667872,
        8267.410895061494,
        1945.046726216604,
        8900.08077435261
    ],
    "cost": [
        [
            34.64002291936535,
            12.266324363624232,
            51.2123883461642,
            81.52639078119903,
            54.966560622680525,
            74.66007626412917,
            94.98443790109887
        ],
        [
            92.49691308431818,
            74.38758930717097,
            12.429633311892553,
            19.843350360695716,
            19.10524845212558,
            87.19849053001684,
            74.63273430215645
        ],
        [
            20.98332198138624,
            95.2841699533426,
            47.040343446773456,
            58.78445236078079,
            86.27096693610085,
            12.401009879675996,
            80.43900018988231
        ],
        [
            41.91336602810934,
            11.553801470424338,
            9.016159716497782,
            69.47517120102272,
            19.806330262542186,
            82.02652637072481,
            53.899323014217366
        ],
        [
            43.863040665866066,
            40.902825801606866,
            27.192254322488193,
            8.489810862379937,
            90.67192337000752,
            50.57915804226139,
            43.988521635578394
        ],
        [
            18.151793577261166,
            72.78459788694411,
            24.237876183211846,
            16.55962332632962,
            90.82766135335963,
            65.31465436456982,
            38.87950183786524
        ],
        [
            38.91655505751368,
            32.76013041270892,
            62.06348938674278,
            47.629246521973144,
            7.050475537521193,
            19.648612486672555,
            5.116688660032328
        ],
        [
            29.245479205792765,
            55.123387138190324,
            30.19582962020092,
            22.285367133402495,
            69.30145496892129,
            24.083997541751746,
            87.30124259997027
        ],
        [
            4.987773242943398,
            39.903231441214565,
            33.68714887235362,
            47.92448930291944,
            25.673099169034383,
            22.0634240622454,
            14.143099774335711
        ],
        [
            7.985015118680673,
            85.38195915523315,
            62.50401931323119,
            74.04220926550171,
            62.63586690841232,
            84.10283593689022,
            79.06642217880447
        ]
    ]
}