{
    "production_costs": [
        354155.57285511197,
        800318.7571649547,
        159083.31587505256,
        293641.0140961756,
        970541.9386695182,
        652984.8135941878,
        354155.57285511197,
        800318.7571649547,
        159083.31587505256
    ],
    "demand": [
        1.0,
        1.0,
        1.0,
        1.0,
        1.0,
        1.0,
        1.0,
        1.0,
        1.0
    ],
    "storage_capacity": [
        1000000.0,
        1000000.0,
        1000000.0,
        1000000.0,
        1000000.0,
        1000000.0,
        1000000.0,
        1000000.0,
        1000000.0
    ],
    "shelf_life": [
        1000000.0,
        1000000.0,
        1000000.0,
        1000000.0,
        1000000.0,
        1000000.0,
        1000000.0,
        1000000.0,
        1000000.0
    ]
}
