{
    "production_costs": [
        888177.6290075566,
        674774.3693754023,
        827639.8652685044,
        996280.7586626434,
        634542.028407728,
        782735.897357578,
        784593.8752854894,
        406680.2882755318,
        58345.28197962151,
        720491.9749873247,
        285663.8655577677,
        56841.10314090879,
        477981.6791184538,
        40209.88893240192
    ],
    "holding_costs": [
        46337.56382059698,
        164205.05528862277,
        959016.9100149936,
        702030.1527115175,
        525975.0694698681,
        49806.66098109034,
        763905.4630549821,
        183259.8349896504,
        751731.1802392708,
        496681.28629172296,
        216656.78821259856,
        222963.95421490993,
        851009.6454194078,
        768740.0188625584
    ],
    "demand_forecasts": [
        1.0,
        1.0,
        1.0,
        1.0,
        1.0,
        1.0,
        1.0,
        1.0,
        1.0,
        1.0,
        1.0,
        1.0,
        1.0,
        1.0
    ],
    "production_capacities": [
        1000000.0,
        1000000.0,
        1000000.0,
        1000000.0,
        1000000.0,
        1000000.0,
        1000000.0,
        1000000.0,
        1000000.0,
        1000000.0,
        1000000.0,
        1000000.0,
        1000000.0,
        1000000.0
    ],
    "shelf_life_limits": [
        1000000.0,
        1000000.0,
        1000000.0,
        1000000.0,
        1000000.0,
        1000000.0,
        1000000.0,
        1000000.0,
        1000000.0,
        1000000.0,
        1000000.0,
        1000000.0,
        1000000.0,
        1000000.0
    ]
}
