{
    "staff_requirements": [
        [
            1.0,
            1.0,
            1.0,
            1.0,
            1.0
        ],
        [
            1.0,
            1.0,
            1.0,
            1.0,
            1.0
        ],
        [
            1.0,
            1.0,
            1.0,
            1.0,
            1.0
        ],
        [
            1.0,
            1.0,
            1.0,
            1.0,
            1.0
        ],
        [
            1.0,
            1.0,
            1.0,
            1.0,
            1.0
        ],
        [
            1.0,
            1.0,
            1.0,
            1.0,
            1.0
        ],
        [
            1.0,
            1.0,
            1.0,
            1.0,
            1.0
        ],
        [
            1.0,
            1.0,
            1.0,
            1.0,
            1.0
        ],
        [
            1.0,
            1.0,
            1.0,
            1.0,
            1.0
        ],
        [
            1.0,
            1.0,
            1.0,
            1.0,
            1.0
        ]
    ],
    "shift_lengths": [
        6.914830384448307,
        6.509161334259851,
        1.7007998243076372,
        6.737661285843465,
        2.2957780869364313
    ],
    "staff_availability": [
        100.0,
        100.0,
        100.0,
        100.0,
        100.0
    ],
    "staff_costs": [
        [
            96.75553433427433,
            99.70018413017691,
            27.291580503592368,
            43.32129691239764,
            79.62246353639325
        ],
        [
            44.04871705301705,
            17.317997700409187,
            76.92297601178612,
            73.18665674809901,
            48.55154785083503
        ],
        [
            83.20956920607257,
            52.335239293989375,
            27.43100262357183,
            30.58845153817024,
            19.45926378310282
        ],
        [
            28.20371694200926,
            55.8881238246885,
            33.97495786186804,
            55.30137473455778,
            71.6160733580569
        ],
        [
            91.84835576301604,
            83.6469668996767,
            63.58977372635822,
            67.22760245531923,
            93.94775092308427
        ],
        [
            51.00461431727267,
            28.540785577117518,
            17.39960902705828,
            18.290709901183323,
            31.859478370311354
        ],
        [
            49.223391478400764,
            92.11421367464463,
            84.43201029956558,
            25.333101873253405,
            69.95619991118237
        ],
        [
            55.44015865133669,
            40.66153535468779,
            58.313317816706835,
            80.71751826944397,
            80.30009654500986
        ],
        [
            49.500356558093785,
            18.839822603624512,
            12.674603940242092,
            89.84418789422963,
            29.442536868831905
        ],
        [
            79.1014439122911,
            74.12987099648241,
            60.55533447272657,
            77.52292750312452,
            71.67932539372121
        ]
    ],
    "staff_skill_levels": [
        10.0,
        10.0,
        10.0,
        10.0,
        10.0,
        10.0,
        10.0,
        10.0,
        10.0,
        10.0,
        10.0,
        10.0,
        10.0,
        10.0,
        10.0,
        10.0,
        10.0,
        10.0,
        10.0,
        10.0
    ],
    "task_skill_requirements": [
        1.0,
        1.0,
        1.0,
        1.0,
        1.0,
        1.0,
        1.0,
        1.0,
        1.0,
        1.0
    ]
}
